# sample = SYNTHETIC example (Ergun F2 + 2 % noise, 3 repacks) - NOT a measurement
# column_ID_mm = 80
# tap_spacing_mm = 100
# d_p_mm = 2
run,target_V_mm_s,flow_Lpm,dp_Pa,dp_blank_Pa,T_C,p_kPa,note
1,2,0.60319,0.76632,0.3,22.0,101.325,
1,3,0.90478,1.00364,0.3,22.0,101.325,
1,5,1.50796,1.44755,0.3,22.0,101.325,
1,8,2.41274,2.12059,0.3,22.0,101.325,
1,12,3.61911,3.04247,0.3,22.0,101.325,
1,20,6.03186,5.07727,0.3,22.0,101.325,
1,30,9.04779,7.50129,0.3,22.0,101.325,
1,50,15.07964,12.81617,0.3,22.0,101.325,
1,80,24.12743,22.52788,0.3,22.0,101.325,
1,120,36.19115,36.64866,0.3,22.0,101.325,
1,180,54.28672,62.19275,0.3,22.0,101.325,
1,250,75.39822,94.66820,0.3,22.0,101.325,
2,2,0.60319,0.75465,0.3,22.0,101.325,
2,3,0.90478,0.98293,0.3,22.0,101.325,
2,5,1.50796,1.41152,0.3,22.0,101.325,
2,8,2.41274,2.16875,0.3,22.0,101.325,
2,12,3.61911,3.12170,0.3,22.0,101.325,
2,20,6.03186,5.30240,0.3,22.0,101.325,
2,30,9.04779,7.68142,0.3,22.0,101.325,
2,50,15.07964,13.14919,0.3,22.0,101.325,
2,80,24.12743,22.98548,0.3,22.0,101.325,
2,120,36.19115,36.69609,0.3,22.0,101.325,
2,180,54.28672,62.63669,0.3,22.0,101.325,
2,250,75.39822,95.72255,0.3,22.0,101.325,
3,2,0.60319,0.75659,0.3,22.0,101.325,
3,3,0.90478,0.99782,0.3,22.0,101.325,
3,5,1.50796,1.46199,0.3,22.0,101.325,
3,8,2.41274,2.15361,0.3,22.0,101.325,
3,12,3.61911,3.04303,0.3,22.0,101.325,
3,20,6.03186,5.11679,0.3,22.0,101.325,
3,30,9.04779,7.66287,0.3,22.0,101.325,
3,50,15.07964,13.37217,0.3,22.0,101.325,
3,80,24.12743,22.53537,0.3,22.0,101.325,
3,120,36.19115,37.34094,0.3,22.0,101.325,
3,180,54.28672,61.46048,0.3,22.0,101.325,
3,250,75.39822,96.81359,0.3,22.0,101.325,
1,300,,,,,,unused row
