filter,filter_label,d_p_mm,porosity,thickness_mm,U_mps,Cp_holes,top,Darcy_d_1pm2,Forch_f_1pm,Q_filter_Lpm,Q_top_Lpm,Q_holes_Lpm,V_face_mps,dp_filter_Pa,q_Pa,residence_ms,Re_particle
F0,empty housing (no media),0.0,1,18.0,1,0.1,"open, Cp=-0.6",0,0,-1.335335029889256,-11.431619098920379,10.096284069031121,-0.02451270711541394,0.0,0.6,inf,0
F0,empty housing (no media),0.0,1,18.0,1,0.1,capped,0,0,2.3415772643608235,0.0,2.3415772643615775,0.04298426715739594,0.0,0.6,418.7578663162782,0
F0,empty housing (no media),0.0,1,18.0,1,0.3,"open, Cp=-0.6",0,0,1.096598794778544,-12.301398973807512,13.39799776861956,0.02013023284632297,0.0,0.6,894.177436367206,0
F0,empty housing (no media),0.0,1,18.0,1,0.3,capped,0,0,5.325660850088256,0.0,5.325660850088352,0.09776300455853877,0.0,0.6,184.11872754199075,0
F0,empty housing (no media),0.0,1,18.0,1,0.6,"open, Cp=-0.6",0,0,3.794275141117293,-13.472367881813271,17.26664302293056,0.06965140071044011,0.0,0.6,258.4298350988075,0
F0,empty housing (no media),0.0,1,18.0,1,0.6,capped,0,0,8.481669002848463,0.0,8.481669002848509,0.1556977563405582,0.0,0.6,115.60860235280809,0
F0,empty housing (no media),0.0,1,18.0,2,0.1,"open, Cp=-0.6",0,0,-3.5621894954433477,-23.067833808201073,19.505644312757727,-0.06539101112224144,0.0,2.4,inf,0
F0,empty housing (no media),0.0,1,18.0,2,0.1,capped,0,0,6.4890105767576465,0.0,6.489010576785282,0.11911858236061938,0.0,2.4,151.1099246086293,0
F0,empty housing (no media),0.0,1,18.0,2,0.3,"open, Cp=-0.6",0,0,2.863510431821112,-24.418164868930372,27.281675300751193,0.05256537944862026,0.0,2.4,342.4307060808721,0
F0,empty housing (no media),0.0,1,18.0,2,0.3,capped,0,0,13.080620566204978,0.0,13.08062056620498,0.24012057921811175,0.0,2.4,74.96233791627593,0
F0,empty housing (no media),0.0,1,18.0,2,0.6,"open, Cp=-0.6",0,0,9.1622599029299,-26.45432117642513,35.616581079355115,0.1681913441111837,0.0,2.4,107.02096528880234,0
F0,empty housing (no media),0.0,1,18.0,2,0.6,capped,0,0,19.6875177364218,0.0,19.687517736422873,0.3614032024176345,0.0,2.4,49.80586746212433,0
F0,empty housing (no media),0.0,1,18.0,4,0.1,"open, Cp=-0.6",0,0,-8.485189338259374,-46.438716400785324,37.953527062527286,-0.15576237903744264,0.0,9.6,inf,0
F0,empty housing (no media),0.0,1,18.0,4,0.1,capped,0,0,15.539308334309734,0.0,15.539308334310046,0.2852546405576102,0.0,9.6,63.10151507023322,0
F0,empty housing (no media),0.0,1,18.0,4,0.3,"open, Cp=-0.6",0,0,6.713878153370126,-48.56014494001595,55.27402309338607,0.12324647006061609,0.0,9.6,146.04880765467027,0
F0,empty housing (no media),0.0,1,18.0,4,0.3,capped,0,0,29.106657679408528,0.0,29.10665767940854,0.5343100861085978,0.0,9.6,33.688302856295934,0
F0,empty housing (no media),0.0,1,18.0,4,0.6,"open, Cp=-0.6",0,0,20.316930738230297,-52.270497955438366,72.58742869367042,0.3729573189671305,0.0,9.6,48.26289520165275,0
F0,empty housing (no media),0.0,1,18.0,4,0.6,capped,0,0,41.01847704754337,0.0,41.018477047543364,0.7529750150193748,0.0,9.6,23.90517565783619,0
F0,empty housing (no media),0.0,1,18.0,6,0.1,"open, Cp=-0.6",0,0,-13.56787366455665,-69.84166378620166,56.273790121645014,-0.24906507046834359,0.0,21.599999999999998,inf,0
F0,empty housing (no media),0.0,1,18.0,6,0.1,capped,0,0,24.7917453778779,0.0,24.791745377877998,0.45510136387138583,0.0,21.599999999999998,39.551628338092385,0
F0,empty housing (no media),0.0,1,18.0,6,0.3,"open, Cp=-0.6",0,0,10.667727126325337,-72.67159282928989,83.33931995561522,0.19582716305769055,0.0,21.599999999999998,91.91778974348523,0
F0,empty housing (no media),0.0,1,18.0,6,0.3,capped,0,0,43.64232397738883,0.0,43.642323977388834,0.8011408983874715,0.0,21.599999999999998,22.467957928786586,0
F0,empty housing (no media),0.0,1,18.0,6,0.6,"open, Cp=-0.6",0,0,31.584895014426714,-78.04524983629514,109.63014485072225,0.5798030182911847,0.0,21.599999999999998,31.045026383357254,0
F0,empty housing (no media),0.0,1,18.0,6,0.6,capped,0,0,62.70806524432558,0.0,62.708065244328964,1.151130167861995,0.0,21.599999999999998,15.636806768283703,0
F1,coarse granules d_p=4 mm,4.0,0.45,9.0,1,0.1,"open, Cp=-0.6",31121399.176954735,5281.207133058984,-0.36435071499181654,-11.196941729587957,10.83259101459733,-0.006688375698963545,-0.035183655209312145,0.6,inf,1.7737128925428185
F1,coarse granules d_p=4 mm,4.0,0.45,9.0,1,0.1,capped,31121399.176954735,5281.207133058984,0.5062240479354804,0.0,0.5062240479715595,0.009292740431478694,0.04957389982318551,0.6,435.82407470253094,2.4643731530993223
F1,coarse granules d_p=4 mm,4.0,0.45,9.0,1,0.3,"open, Cp=-0.6",31121399.176954735,5281.207133058984,0.3144038323306328,-12.510222850007919,12.824626682338554,0.005771502196361668,0.030209604369249566,0.6,701.7237215214271,1.530564118372155
F1,coarse granules d_p=4 mm,4.0,0.45,9.0,1,0.3,capped,31121399.176954735,5281.207133058984,1.3905453161359942,0.0,1.390545316136154,0.0255262007677423,0.1479918593177238,0.6,158.66050873963286,6.769379209125029
F1,coarse granules d_p=4 mm,4.0,0.45,9.0,1,0.6,"open, Cp=-0.6",31121399.176954735,5281.207133058984,1.207050924470637,-14.220562563562247,15.427613488032886,0.022157799445575995,0.12633454459584934,0.6,182.77988344228916,5.8761015104289935
F1,coarse granules d_p=4 mm,4.0,0.45,9.0,1,0.6,capped,31121399.176954735,5281.207133058984,2.5122441974871266,0.0,2.512244197488286,0.04611719518846688,0.2944522965470637,0.6,87.81973802719111,12.229974414621053
F1,coarse granules d_p=4 mm,4.0,0.45,9.0,2,0.1,"open, Cp=-0.6",31121399.176954735,5281.207133058984,-1.2307458959182465,-22.518329312412263,21.287583416494822,-0.022592767361643857,-0.12909480566500667,2.4,inf,5.991452118005001
F1,coarse granules d_p=4 mm,4.0,0.45,9.0,2,0.1,capped,31121399.176954735,5281.207133058984,1.7865614557235308,0.0,1.7865614557235332,0.03279585776422747,0.19693798467363222,2.4,123.49120517340432,8.697244047971926
F1,coarse granules d_p=4 mm,4.0,0.45,9.0,2,0.3,"open, Cp=-0.6",31121399.176954735,5281.207133058984,1.0570869710614137,-24.907950120580992,25.9650370916424,0.019404915423582848,0.10911530189346408,2.4,208.7100052535155,5.146054918961197
F1,coarse granules d_p=4 mm,4.0,0.45,9.0,2,0.3,capped,31121399.176954735,5281.207133058984,4.340560906980176,0.0,4.340560907031364,0.07967955295701677,0.5850087704058808,2.4,50.82859842580664,21.1304891819713
F1,coarse granules d_p=4 mm,4.0,0.45,9.0,2,0.6,"open, Cp=-0.6",31121399.176954735,5281.207133058984,3.638893535487236,-28.10290237952259,31.741795915009835,0.06679906500091543,0.4659025233927362,2.4,60.629591146889524,17.714669171513485
F1,coarse granules d_p=4 mm,4.0,0.45,9.0,2,0.6,capped,31121399.176954735,5281.207133058984,7.170425110558868,0.0,7.170425110541132,0.13162728955198313,1.1614122337475785,2.4,30.76869556294059,34.90668452207287
F1,coarse granules d_p=4 mm,4.0,0.45,9.0,4,0.1,"open, Cp=-0.6",31121399.176954735,5281.207133058984,-3.62373995929377,-45.319347363984214,41.69560740469185,-0.06652089123428223,-0.463434631504706,9.6,inf,17.640899332848328
F1,coarse granules d_p=4 mm,4.0,0.45,9.0,4,0.1,capped,31121399.176954735,5281.207133058984,5.373959018323384,0.0,5.373959018323424,0.09864961265737436,0.7776565471182859,9.6,41.054393331135394,26.161223246154524
F1,coarse granules d_p=4 mm,4.0,0.45,9.0,4,0.3,"open, Cp=-0.6",31121399.176954735,5281.207133058984,3.106562832800967,-49.55175690985517,52.65831974265613,0.05702708545165341,0.38185358764125815,9.6,71.01888458657984,15.123204981653942
F1,coarse granules d_p=4 mm,4.0,0.45,9.0,4,0.3,capped,31121399.176954735,5281.207133058984,11.3876367397329,0.0,11.387636739732926,0.20904252332910794,2.3060022165736647,9.6,19.374048569170046,55.43669126959769
F1,coarse granules d_p=4 mm,4.0,0.45,9.0,4,0.6,"open, Cp=-0.6",31121399.176954735,5281.207133058984,9.405199042818923,-55.60229908592483,65.00749812874375,0.17265097098359794,1.725374674583873,9.6,23.457730801784805,45.78589285752874
F1,coarse granules d_p=4 mm,4.0,0.45,9.0,4,0.6,capped,31121399.176954735,5281.207133058984,17.524144664367878,0.0,17.52414466436787,0.3216902245434383,4.582092684619573,9.6,12.589751540470333,85.31011479604994
F1,coarse granules d_p=4 mm,4.0,0.45,9.0,6,0.1,"open, Cp=-0.6",31121399.176954735,5281.207133058984,-6.359634140306022,-68.20023598109803,61.84060184079206,-0.11674362280111643,-0.9805333180143302,21.599999999999998,inf,30.95963477598668
F1,coarse granules d_p=4 mm,4.0,0.45,9.0,6,0.1,capped,31121399.176954735,5281.207133058984,9.43891419902061,0.0,9.438914199020617,0.1732698791458371,1.734617960356486,21.599999999999998,23.373941391112833,45.95002319889603
F1,coarse granules d_p=4 mm,4.0,0.45,9.0,6,0.3,"open, Cp=-0.6",31121399.176954735,5281.207133058984,5.453714850270173,-74.11404348295466,79.56775833322483,0.10011368819309963,0.7933779524434481,21.599999999999998,40.45400856862196,26.54948637165073
F1,coarse granules d_p=4 mm,4.0,0.45,9.0,6,0.3,capped,31121399.176954735,5281.207133058984,18.807665953516192,0.0,18.807665953516203,0.3452517882956455,5.149687788299112,21.599999999999998,11.730569217303835,91.55848529387285
F1,coarse granules d_p=4 mm,4.0,0.45,9.0,6,0.6,"open, Cp=-0.6",31121399.176954735,5281.207133058984,15.488398189792717,-83.00485617608761,98.49325436588035,0.284320084484553,3.746788133487214,21.599999999999998,14.244508991836751,75.3998014102682
F1,coarse granules d_p=4 mm,4.0,0.45,9.0,6,0.6,capped,31121399.176954735,5281.207133058984,28.166594343831402,0.0,28.166594343837485,0.5170533702289489,10.245553190214425,21.599999999999998,7.83284711635605,137.11912580657207
F1,coarse granules d_p=4 mm,4.0,0.45,18.0,1,0.1,"open, Cp=-0.6",31121399.176954735,5281.207133058984,-0.21252289075087563,-11.158781811475704,10.946258920725441,-0.0039012766531926987,-0.040424518053250945,0.6,inf,1.0345927036091134
F1,coarse granules d_p=4 mm,4.0,0.45,18.0,1,0.1,capped,31121399.176954735,5281.207133058984,0.283601281554634,0.0,0.28360128164600934,0.005206060648975358,0.054331959345761606,0.6,1555.8789161617274,1.3806127687890453
F1,coarse granules d_p=4 mm,4.0,0.45,18.0,1,0.3,"open, Cp=-0.6",31121399.176954735,5281.207133058984,0.18439133967347948,-12.544034334507,12.72842567418048,0.003384866571207724,0.034973844819472924,0.6,2393.004223238823,0.897644173579949
F1,coarse granules d_p=4 mm,4.0,0.45,18.0,1,0.3,capped,31121399.176954735,5281.207133058984,0.8069664773700023,0.0,0.8069664773742319,0.014813460643931943,0.16271501809475453,0.6,546.7999810913875,3.928431551981952
F1,coarse granules d_p=4 mm,4.0,0.45,18.0,1,0.6,"open, Cp=-0.6",31121399.176954735,5281.207133058984,0.731540829021568,-14.34847506121333,15.080015890234897,0.013428874165204795,0.1464458348934456,0.6,603.1778911882053,3.561248397402376
F1,coarse granules d_p=4 mm,4.0,0.45,18.0,1,0.6,capped,31121399.176954735,5281.207133058984,1.5095251039021855,0.0,1.5095251039365096,0.027710309343407118,0.3247611065645095,0.6,292.3099810838873,7.3485903231134895
F1,coarse granules d_p=4 mm,4.0,0.45,18.0,2,0.1,"open, Cp=-0.6",31121399.176954735,5281.207133058984,-0.7622493949137756,-22.402266742619307,21.640017347705815,-0.013992590434755894,-0.1530432267774106,2.4,inf,3.7107422147418943
F1,coarse granules d_p=4 mm,4.0,0.45,18.0,2,0.1,capped,31121399.176954735,5281.207133058984,1.050738570524988,0.0,1.0507385705256176,0.019288378015728247,0.21679179767801304,2.4,419.9419978909086,5.1151499710218555
F1,coarse granules d_p=4 mm,4.0,0.45,18.0,2,0.3,"open, Cp=-0.6",31121399.176954735,5281.207133058984,0.6599770087645587,-25.01230534291389,25.672282351678454,0.012115179154773082,0.13121182166388992,2.4,668.582766835008,3.212865190216066
F1,coarse granules d_p=4 mm,4.0,0.45,18.0,2,0.3,capped,31121399.176954735,5281.207133058984,2.716972606909497,0.0,2.7169726069095614,0.049875388769886904,0.6475868482124111,2.4,162.40474911125924,13.226622436213102
F1,coarse granules d_p=4 mm,4.0,0.45,18.0,2,0.6,"open, Cp=-0.6",31121399.176954735,5281.207133058984,2.386238162599834,-28.448704903174256,30.83494306577409,0.04380410599449659,0.5535878929023368,2.4,184.91417222434941,11.6165584957781
F1,coarse granules d_p=4 mm,4.0,0.45,18.0,2,0.6,capped,31121399.176954735,5281.207133058984,4.675259402523738,0.0,4.6752594025241825,0.08582360370801777,1.2903129029036953,2.4,94.37963042844454,22.759850707098632
F1,coarse granules d_p=4 mm,4.0,0.45,18.0,4,0.1,"open, Cp=-0.6",31121399.176954735,5281.207133058984,-2.4314734132302207,-45.02928050148798,42.597807088257746,-0.04463448820208907,-0.5661961067963165,9.6,inf,11.836770351935224
F1,coarse granules d_p=4 mm,4.0,0.45,18.0,4,0.1,capped,31121399.176954735,5281.207133058984,3.4225258312335156,0.0,3.4225258312335516,0.06282720921574532,0.8621670932739848,9.6,128.9250326587805,16.66135935003191
F1,coarse granules d_p=4 mm,4.0,0.45,18.0,4,0.3,"open, Cp=-0.6",31121399.176954735,5281.207133058984,2.1076834414089167,-49.817615536571225,51.92529897798014,0.0386906849103998,0.4776811496292784,9.6,209.35271677816107,10.260513125409892
F1,coarse granules d_p=4 mm,4.0,0.45,18.0,4,0.3,capped,31121399.176954735,5281.207133058984,7.694319974442918,0.0,7.694319974442918,0.1412444126485924,2.5700147792058092,9.6,57.34740120412631,37.45708180736152
F1,coarse granules d_p=4 mm,4.0,0.45,18.0,4,0.6,"open, Cp=-0.6",31121399.176954735,5281.207133058984,6.639466592679702,-56.38397604890552,63.02344264158523,0.12188049916014743,2.0830662410237397,9.6,66.45853976489575,32.321900329762855
F1,coarse granules d_p=4 mm,4.0,0.45,18.0,4,0.6,capped,31121399.176954735,5281.207133058984,12.181644431029031,0.0,12.181644431029019,0.22361809990612794,5.119482746970998,9.6,36.2224703787407,59.302037544166524
F1,coarse granules d_p=4 mm,4.0,0.45,18.0,6,0.1,"open, Cp=-0.6",31121399.176954735,5281.207133058984,-4.460950888335356,-67.7430319181506,63.282081029815814,-0.08188954841623453,-1.2127915049486748,21.599999999999998,inf,21.71656532585225
F1,coarse granules d_p=4 mm,4.0,0.45,18.0,6,0.1,capped,31121399.176954735,5281.207133058984,6.289198579513067,0.0,6.289198579525838,0.11545063921753529,1.9308327691194904,21.599999999999998,70.15985407181468,30.616744101887814
F1,coarse granules d_p=4 mm,4.0,0.45,18.0,6,0.3,"open, Cp=-0.6",31121399.176954735,5281.207133058984,3.8764738471006335,-74.53684183609872,78.41331568319934,0.0711603200152851,1.0103431655921584,21.599999999999998,113.8274813584331,18.871245086926436
F1,coarse granules d_p=4 mm,4.0,0.45,18.0,6,0.3,capped,31121399.176954735,5281.207133058984,13.127616791105424,0.0,13.127616791105519,0.2409832875802299,5.755723051902421,21.599999999999998,33.612289388753936,63.9071701870223
F1,coarse granules d_p=4 mm,4.0,0.45,18.0,6,0.6,"open, Cp=-0.6",31121399.176954735,5281.207133058984,11.282372272054134,-84.20610250199057,95.4884747740447,0.20711018649369706,4.546545615857031,21.599999999999998,39.10961665927767,54.92424835191966
F1,coarse granules d_p=4 mm,4.0,0.45,18.0,6,0.6,capped,31121399.176954735,5281.207133058984,20.063925597617,0.0,20.06392559761701,0.36831291080608486,11.471779246477235,21.599999999999998,21.99216959913907,97.6741420922214
F1,coarse granules d_p=4 mm,4.0,0.45,36.0,1,0.1,"open, Cp=-0.6",31121399.176954735,5281.207133058984,-0.11604927112071506,-11.134328833396989,11.01827956227675,-0.0021303131650603616,-0.043717684332513385,0.6,inf,0.5649449277508142
F1,coarse granules d_p=4 mm,4.0,0.45,36.0,1,0.1,capped,31121399.176954735,5281.207133058984,0.15087594636020796,0.0,0.15087594636020088,0.0027696254506222318,0.0570394561582622,0.6,5849.166354374907,0.7344863073473322
F1,coarse granules d_p=4 mm,4.0,0.45,36.0,1,0.3,"open, Cp=-0.6",31121399.176954735,5281.207133058984,0.1010023909492578,-12.565586045517035,12.666588436466293,0.0018540980142646465,0.03799085436872114,0.6,8737.4021628652,0.49169450102045875
F1,coarse granules d_p=4 mm,4.0,0.45,36.0,1,0.3,capped,31121399.176954735,5281.207133058984,0.4394929053359605,0.0,0.43949290533595037,0.008067758747178378,0.17102862593159537,0.6,2007.9926169911557,2.1395161318484095
F1,coarse granules d_p=4 mm,4.0,0.45,36.0,1,0.6,"open, Cp=-0.6",31121399.176954735,5281.207133058984,0.4109108707952148,-14.433050059627517,14.843960930422732,0.007543079153085763,0.15945445874337816,0.6,2147.664060156762,2.0003745820337935
F1,coarse granules d_p=4 mm,4.0,0.45,36.0,1,0.6,capped,31121399.176954735,5281.207133058984,0.8445854187438059,0.0,0.8445854187438051,0.015504030479401961,0.34182219142376785,0.6,1044.8895867124795,4.111566093985051
F1,coarse granules d_p=4 mm,4.0,0.45,36.0,2,0.1,"open, Cp=-0.6",31121399.176954735,5281.207133058984,-0.43536519134904944,-22.320170261784227,21.88480507043536,-0.00799198641907152,-0.1693532463934746,2.4,inf,2.119421812792447
F1,coarse granules d_p=4 mm,4.0,0.45,36.0,2,0.1,capped,31121399.176954735,5281.207133058984,0.577945061928584,0.0,0.5779450619325902,0.010609321042847255,0.22798319253313942,2.4,1526.959164924314,2.813521602523029
F1,coarse granules d_p=4 mm,4.0,0.45,36.0,2,0.3,"open, Cp=-0.6",31121399.176954735,5281.207133058984,0.3786172149620044,-25.085520379100128,25.464137594062144,0.006950265432628571,0.14645285721920934,2.4,2330.846232713332,1.8431643136252565
F1,coarse granules d_p=4 mm,4.0,0.45,36.0,2,0.3,capped,31121399.176954735,5281.207133058984,1.5774768168558453,0.0,1.577476816863918,0.028957697002938435,0.6828811687382575,2.4,559.4367534944554,7.679389260447761
F1,coarse granules d_p=4 mm,4.0,0.45,36.0,2,0.6,"open, Cp=-0.6",31121399.176954735,5281.207133058984,1.4392491604114008,-28.70328485262764,30.142534013039032,0.026420255850096264,0.6153956568671244,2.4,613.1659016443996,7.006476689528291
F1,coarse granules d_p=4 mm,4.0,0.45,36.0,2,0.6,capped,31121399.176954735,5281.207133058984,2.8337597743971292,0.0,2.8337597743971177,0.05201924747754063,1.363567591414061,2.4,311.4231901757973,13.795159552054974
F1,coarse granules d_p=4 mm,4.0,0.45,36.0,4,0.1,"open, Cp=-0.6",31121399.176954735,5281.207133058984,-1.4975050878042295,-44.79779036644318,43.300285278638995,-0.027489658250208288,-0.643658280386744,9.6,inf,7.290075116077335
F1,coarse granules d_p=4 mm,4.0,0.45,36.0,4,0.1,capped,31121399.176954735,5281.207133058984,2.022169936528616,0.0,2.0221699365286065,0.037120915936603625,0.9099538403742173,9.6,436.4116453286582,9.844220800867259
F1,coarse granules d_p=4 mm,4.0,0.45,36.0,4,0.3,"open, Cp=-0.6",31121399.176954735,5281.207133058984,1.3055228478131504,-50.02838091780532,51.33390376561731,0.023965445738047413,0.5515057723388206,9.6,675.9732398501133,6.355477322797103
F1,coarse granules d_p=4 mm,4.0,0.45,36.0,4,0.3,capped,31121399.176954735,5281.207133058984,4.866094937370905,0.0,4.866094937370987,0.08932676618650821,2.7216589933656423,9.6,181.35661562152043,23.688866171007703
F1,coarse granules d_p=4 mm,4.0,0.45,36.0,4,0.6,"open, Cp=-0.6",31121399.176954735,5281.207133058984,4.359380294094879,-57.00946663448185,61.36884692857673,0.08002501991033452,2.3533344728254137,9.6,202.436688152675,21.222104727602527
F1,coarse granules d_p=4 mm,4.0,0.45,36.0,4,0.6,capped,31121399.176954735,5281.207133058984,7.993108729189501,0.0,7.993108729189496,0.14672926931043676,5.4314346990411435,9.6,110.40741957029363,38.91162943039207
F1,coarse granules d_p=4 mm,4.0,0.45,36.0,6,0.1,"open, Cp=-0.6",31121399.176954735,5281.207133058984,-2.8896777694660725,-67.35685898513219,64.4671812156661,-0.05304573252056376,-1.39668599604973,21.599999999999998,inf,14.067376580039006
F1,coarse granules d_p=4 mm,4.0,0.45,36.0,6,0.1,capped,31121399.176954735,5281.207133058984,3.909733091273434,0.0,3.9097330912734036,0.0717708590133937,2.043021951413012,21.599999999999998,225.71835174742435,19.033155981452474
F1,coarse granules d_p=4 mm,4.0,0.45,36.0,6,0.3,"open, Cp=-0.6",31121399.176954735,5281.207133058984,2.528829157877267,-74.89311786669045,77.4219470245677,0.046421644834034825,1.1871968868064635,21.599999999999998,348.9751398925591,12.310712442174982
F1,coarse granules d_p=4 mm,4.0,0.45,36.0,6,0.3,capped,31121399.176954735,5281.207133058984,8.66144684681233,0.0,8.661446846812336,0.15899793310240976,6.108103664180705,21.599999999999998,101.88811693272555,42.16519772881584
F1,coarse granules d_p=4 mm,4.0,0.45,36.0,6,0.6,"open, Cp=-0.6",31121399.176954735,5281.207133058984,7.720048505193379,-85.19312109839898,92.91316960359234,0.1417167105548701,5.164852228965672,21.599999999999998,114.31256015307848,37.582332080849525
F1,coarse granules d_p=4 mm,4.0,0.45,36.0,6,0.6,capped,31121399.176954735,5281.207133058984,13.61285001535182,0.0,13.612850015352123,0.24989070005903402,12.190856312440163,21.599999999999998,64.82834293622341,66.26935692173278
F2,medium granules d_p=2 mm,2.0,0.45,9.0,1,0.1,"open, Cp=-0.6",124485596.70781894,10562.414266117969,-0.11667950770073238,-11.13448909664315,11.01780958894282,-0.002141882400011583,-0.0436962651036363,0.6,inf,0.2840065060788839
F2,medium granules d_p=2 mm,2.0,0.45,9.0,1,0.1,capped,124485596.70781894,10562.414266117969,0.15197493560771208,0.0,0.15197493561066963,0.0027897995649411615,0.057017436980656665,0.6,1451.7171953481957,0.3699181743568391
F2,medium granules d_p=2 mm,2.0,0.45,9.0,1,0.3,"open, Cp=-0.6",124485596.70781894,10562.414266117969,0.10147813307345105,-12.565463389454354,12.666941522527807,0.001862831198890067,0.03797372844032013,0.6,2174.110033379898,0.24700524184177683
F2,medium granules d_p=2 mm,2.0,0.45,9.0,1,0.3,capped,124485596.70781894,10562.414266117969,0.44852643809022286,0.0,0.4485264380903317,0.00823358705068742,0.17083312450882782,0.6,491.88767605995815,1.0917463492624204
F2,medium granules d_p=2 mm,2.0,0.45,9.0,1,0.6,"open, Cp=-0.6",124485596.70781894,10562.414266117969,0.4184917477870293,-14.431065955547323,14.84955770333435,0.007682241096132924,0.15915203598811906,0.6,527.1899110324308,1.0186397033546417
F2,medium granules d_p=2 mm,2.0,0.45,9.0,1,0.6,capped,124485596.70781894,10562.414266117969,0.8765247646283335,0.0,0.87652476462865,0.01609034014222138,0.34105807470533434,0.6,251.7038150966565,2.1335257647144372
F2,medium granules d_p=2 mm,2.0,0.45,9.0,2,0.1,"open, Cp=-0.6",124485596.70781894,10562.414266117969,-0.44367214893623175,-22.32226789975105,21.878595750814938,-0.008144477002930204,-0.16894284554564068,2.4,inf,1.079930652322237
F2,medium granules d_p=2 mm,2.0,0.45,9.0,2,0.1,capped,124485596.70781894,10562.414266117969,0.5933337940302812,0.0,0.5933337940362192,0.010891811559790973,0.22763821204510026,2.4,371.8389707504014,1.4442181073755989
F2,medium granules d_p=2 mm,2.0,0.45,9.0,2,0.3,"open, Cp=-0.6",124485596.70781894,10562.414266117969,0.38487201208001903,-25.083899277435517,25.468771289515548,0.0070650845651970785,0.1461177841935609,2.4,573.2415461734853,0.9368067931753034
F2,medium granules d_p=2 mm,2.0,0.45,9.0,2,0.3,capped,124485596.70781894,10562.414266117969,1.6807743557993486,0.0,1.6807743558002242,0.030853926983571204,0.6799748955390164,2.4,131.26368005461683,4.091128439810546
F2,medium granules d_p=2 mm,2.0,0.45,9.0,2,0.6,"open, Cp=-0.6",124485596.70781894,10562.414266117969,1.5200837697139626,-28.681783723631895,30.20186749334585,0.02790413447101954,0.6102710346641909,2.4,145.13978221421695,3.6999957309639173
F2,medium granules d_p=2 mm,2.0,0.45,9.0,2,0.6,capped,124485596.70781894,10562.414266117969,3.129202871664129,0.0,3.129202871664123,0.05744268800031141,1.3530662166892675,2.4,70.50505714457589,7.6167100110910155
F2,medium granules d_p=2 mm,2.0,0.45,9.0,4,0.1,"open, Cp=-0.6",124485596.70781894,10562.414266117969,-1.5815128987519833,-44.818765524188095,43.23725262543613,-0.029031787243364512,-0.6368003741874403,9.6,inf,3.8495187505013724
F2,medium granules d_p=2 mm,2.0,0.45,9.0,4,0.1,capped,124485596.70781894,10562.414266117969,2.18460831798169,0.0,2.184608317989443,0.040102792678945454,0.9049615515459758,9.6,100.99047296839026,5.3174973717938725
F2,medium granules d_p=2 mm,2.0,0.45,9.0,4,0.3,"open, Cp=-0.6",124485596.70781894,10562.414266117969,1.3692442371083322,-50.01172736811306,51.38097160522831,0.025135177466653082,0.5457435128778019,9.6,161.12876089190726,3.3328412110479224
F2,medium granules d_p=2 mm,2.0,0.45,9.0,4,0.3,capped,124485596.70781894,10562.414266117969,5.5986518540148715,0.0,5.598651854014991,0.1027742926432608,2.686586282634007,9.6,39.40674166503806,13.627530516233476
F2,medium granules d_p=2 mm,2.0,0.45,9.0,4,0.6,"open, Cp=-0.6",124485596.70781894,10562.414266117969,4.908486096171224,-56.8603930546415,61.76887915081272,0.09010493948137147,2.2902893767669625,9.6,44.94759136747778,11.947616284822736
F2,medium granules d_p=2 mm,2.0,0.45,9.0,4,0.6,capped,124485596.70781894,10562.414266117969,9.573083192699134,0.0,9.573083192701217,0.1757328155418697,5.325052756122307,9.6,23.04635015100555,23.301588801131896
F2,medium granules d_p=2 mm,2.0,0.45,9.0,6,0.1,"open, Cp=-0.6",124485596.70781894,10562.414266117969,-3.155622447955417,-67.422717339669,64.26709489171363,-0.05792767140990217,-1.3660924283617044,21.599999999999998,inf,7.68101720352294
F2,medium granules d_p=2 mm,2.0,0.45,9.0,6,0.1,capped,124485596.70781894,10562.414266117969,4.421216068262735,0.0,4.42121606826276,0.08116013745574727,2.0215235127661164,21.599999999999998,49.90134476063783,10.7615651875024
F2,medium granules d_p=2 mm,2.0,0.45,9.0,6,0.3,"open, Cp=-0.6",124485596.70781894,10562.414266117969,2.7329558810152337,-74.83944759629841,77.57240347731366,0.05016879327746715,1.1609150585325088,21.599999999999998,80.72747489860436,6.652215683200064
F2,medium granules d_p=2 mm,2.0,0.45,9.0,6,0.3,capped,124485596.70781894,10562.414266117969,10.439574486651884,0.0,10.439574486652566,0.19163897154863702,5.980903364375748,21.599999999999998,21.13348849282532,25.410692360040265
F2,medium granules d_p=2 mm,2.0,0.45,9.0,6,0.6,"open, Cp=-0.6",124485596.70781894,10562.414266117969,9.04694757449318,-84.82872626305199,93.87567383754516,0.16607455898198645,4.940901554957278,21.599999999999998,24.38663709135178,22.020935997611463
F2,medium granules d_p=2 mm,2.0,0.45,9.0,6,0.6,capped,124485596.70781894,10562.414266117969,16.963718175775174,0.0,16.963718175764733,0.31140249145241616,11.845806560146412,21.599999999999998,13.005676290868276,41.29093809313805
F2,medium granules d_p=2 mm,2.0,0.45,18.0,1,0.1,"open, Cp=-0.6",124485596.70781894,10562.414266117969,-0.061032827035168824,-11.120312393420996,11.059279566386255,-0.001120377867764681,-0.04558281272299151,0.6,inf,0.14855839130581405
F2,medium granules d_p=2 mm,2.0,0.45,18.0,1,0.1,capped,124485596.70781894,10562.414266117969,0.0782327917250288,0.0,0.07823279191434371,0.0014361171297482187,0.05848045758350681,0.6,5640.208470614161,0.1904243707953439
F2,medium granules d_p=2 mm,2.0,0.45,18.0,1,0.3,"open, Cp=-0.6",124485596.70781894,10562.414266117969,0.053187100433985696,-12.57789632981466,12.631083430248644,0.0009763540879808437,0.03970713360530306,0.6,8296.170518168532,0.12946131553337153
F2,medium granules d_p=2 mm,2.0,0.45,18.0,1,0.3,capped,124485596.70781894,10562.414266117969,0.23276698098829487,0.0,0.23276698113474156,0.004272896841160825,0.17538034222044385,0.6,1895.6694488789622,0.5665719568390044
F2,medium granules d_p=2 mm,2.0,0.45,18.0,1,0.6,"open, Cp=-0.6",124485596.70781894,10562.414266117969,0.22166771446044528,-14.482335511983536,14.70400322644398,0.004069147921598923,0.16692292456129956,0.6,1990.5887316126862,0.5395555255158794
F2,medium granules d_p=2 mm,2.0,0.45,18.0,1,0.6,capped,124485596.70781894,10562.414266117969,0.45996884110031133,0.0,0.4599688411002849,0.008443634916881786,0.3505848490818119,0.6,959.3024899507748,1.1195980000285242
F2,medium granules d_p=2 mm,2.0,0.45,18.0,2,0.1,"open, Cp=-0.6",124485596.70781894,10562.414266117969,-0.23759364143180797,-22.270054919079556,22.032461277647876,-0.004361499709466618,-0.17906111519910023,2.4,inf,0.578320403465187
F2,medium granules d_p=2 mm,2.0,0.45,18.0,2,0.1,capped,124485596.70781894,10562.414266117969,0.30909951632953525,0.0,0.3090995170295674,0.005674131018588183,0.2338007452362441,2.4,1427.531365325331,0.7523709637906983
F2,medium granules d_p=2 mm,2.0,0.45,18.0,2,0.3,"open, Cp=-0.6",124485596.70781894,10562.414266117969,0.20677748320094022,-25.129941521875846,25.336719005076823,0.003795808370418798,0.1555917441658046,2.4,2133.932804175336,0.5033116071273543
F2,medium granules d_p=2 mm,2.0,0.45,18.0,2,0.3,capped,124485596.70781894,10562.414266117969,0.8991597490539568,0.0,0.899159749076908,0.016505849906713423,0.7005131714913638,2.4,490.7351057824346,2.1886209821056473
F2,medium granules d_p=2 mm,2.0,0.45,18.0,2,0.6,"open, Cp=-0.6",124485596.70781894,10562.414266117969,0.8399884226722718,-28.861345267974887,29.701333690647164,0.015419643553432102,0.6525036343598413,2.4,525.3039716470685,2.044593620344588
F2,medium granules d_p=2 mm,2.0,0.45,18.0,2,0.6,capped,124485596.70781894,10562.414266117969,1.7250512825218922,0.0,1.7250512825221862,0.03166671726647898,1.398711265502147,2.4,255.78906496172587,4.198901736991688
F2,medium granules d_p=2 mm,2.0,0.45,18.0,4,0.1,"open, Cp=-0.6",124485596.70781894,10562.414266117969,-0.8894860398552078,-44.64507653697778,43.75559049712257,-0.016328269902444167,-0.6926458571308608,9.6,inf,2.1650744622025417
F2,medium granules d_p=2 mm,2.0,0.45,18.0,4,0.1,capped,124485596.70781894,10562.414266117969,1.1817086995053934,0.0,1.18170869952737,0.02169259294359614,0.9334750057712572,9.6,373.399345161787,2.8763659151729684
F2,medium granules d_p=2 mm,2.0,0.45,18.0,4,0.3,"open, Cp=-0.6",124485596.70781894,10562.414266117969,0.7735541912257653,-50.16681092824889,50.94036511947533,0.014200112258712086,0.5989219980902054,9.6,570.4180257469774,1.8828878133098896
F2,medium granules d_p=2 mm,2.0,0.45,18.0,4,0.3,capped,124485596.70781894,10562.414266117969,3.214021770027846,0.0,3.214021770027843,0.058999706102063953,2.789963013076492,9.6,137.28881947289295,7.823165449997431
F2,medium granules d_p=2 mm,2.0,0.45,18.0,4,0.6,"open, Cp=-0.6",124485596.70781894,10562.414266117969,2.929927378808045,-57.39289943127162,60.32282681007327,0.05378459345300813,2.511355153291299,9.6,150.6007479089158,7.13165880039887
F2,medium granules d_p=2 mm,2.0,0.45,18.0,4,0.6,capped,124485596.70781894,10562.414266117969,5.755733555026557,0.0,5.755733555026645,0.10565783695528998,5.558682821070661,9.6,76.66255749138215,14.009878933298118
F2,medium granules d_p=2 mm,2.0,0.45,18.0,6,0.1,"open, Cp=-0.6",124485596.70781894,10562.414266117969,-1.8553037361355895,-67.09878259752017,65.24347886138563,-0.03405775784807849,-1.5136124003712765,21.599999999999998,inf,4.515945792010407
F2,medium granules d_p=2 mm,2.0,0.45,18.0,6,0.1,capped,124485596.70781894,10562.414266117969,2.4931134225218257,0.0,2.4931134225218545,0.04576601209724354,2.095082124666832,21.599999999999998,176.98723635323816,6.068421493557154
F2,medium granules d_p=2 mm,2.0,0.45,18.0,6,0.3,"open, Cp=-0.6",124485596.70781894,10562.414266117969,1.6149888822664407,-75.13210134543446,76.74709022770091,0.0296463049193955,1.3026373577679726,21.599999999999998,273.2212335406676,3.9310017572679112
F2,medium granules d_p=2 mm,2.0,0.45,18.0,6,0.3,capped,124485596.70781894,10562.414266117969,6.326586751927121,0.0,6.326586751927235,0.11613697283378314,6.248822414642165,21.599999999999998,69.74523101779855,15.399377613319311
F2,medium granules d_p=2 mm,2.0,0.45,18.0,6,0.6,"open, Cp=-0.6",124485596.70781894,10562.414266117969,5.698956377702848,-85.7407482463781,91.43970462408096,0.10461557992808426,5.491411224311554,21.599999999999998,77.42632603641036,13.871679106486312
F2,medium granules d_p=2 mm,2.0,0.45,18.0,6,0.6,capped,124485596.70781894,10562.414266117969,10.74462983357547,0.0,10.7446298335755,0.1972388638646118,12.437339988305183,21.599999999999998,41.066957298841366,26.153219517959577
F2,medium granules d_p=2 mm,2.0,0.45,36.0,1,0.1,"open, Cp=-0.6",124485596.70781894,10562.414266117969,-0.031237923083942035,-11.11269991273166,11.081461989648181,-0.0005734336644444979,-0.04658898658117805,0.6,inf,0.07603540302026492
F2,medium granules d_p=2 mm,2.0,0.45,36.0,1,0.1,capped,124485596.70781894,10562.414266117969,0.03969849824028412,0.0,0.03969849824362044,0.0007287442016454585,0.059233113170005146,0.6,22230.022500928884,0.09662906541155251
F2,medium granules d_p=2 mm,2.0,0.45,36.0,1,0.3,"open, Cp=-0.6",124485596.70781894,10562.414266117969,0.027250657475103347,-12.584559317987205,12.61180997546231,0.0005002395432141644,0.04063392961233359,0.6,32384.4850327324,0.06633010517756875
F2,medium granules d_p=2 mm,2.0,0.45,36.0,1,0.3,capped,124485596.70781894,10562.414266117969,0.11860250177096045,0.0,0.11860250177120638,0.002177182747394882,0.17768322604879047,0.6,7440.808549206163,0.2886872151241832
F2,medium granules d_p=2 mm,2.0,0.45,36.0,1,0.6,"open, Cp=-0.6",124485596.70781894,10562.414266117969,0.11422958948626398,-14.510107159843683,14.62433674932995,0.0020969093211184436,0.1710935852214675,0.6,7725.655962728655,0.27804322489968314
F2,medium granules d_p=2 mm,2.0,0.45,36.0,1,0.6,capped,124485596.70781894,10562.414266117969,0.23575601230868393,0.0,0.23575601230869206,0.004327766403986247,0.35531908531787804,0.6,3743.2704281539777,0.5738474789816018
F2,medium granules d_p=2 mm,2.0,0.45,36.0,2,0.1,"open, Cp=-0.6",124485596.70781894,10562.414266117969,-0.12320424761623126,-22.240915396303677,22.117711148687594,-0.0022616568648259595,-0.1846208764809072,2.4,inf,0.29988820307084546
F2,medium granules d_p=2 mm,2.0,0.45,36.0,2,0.1,capped,124485596.70781894,10562.414266117969,0.15781204640100166,0.0,0.15781204640100543,0.002896951241541749,0.23690035723389424,2.4,5592.08583413313,0.384126131475149
F2,medium granules d_p=2 mm,2.0,0.45,36.0,2,0.3,"open, Cp=-0.6",124485596.70781894,10562.414266117969,0.10740664452116205,-25.15552722148962,25.262933866010844,0.00197166071470092,0.16081780735058065,2.4,8216.423788946551,0.26143567487747005
F2,medium granules d_p=2 mm,2.0,0.45,36.0,2,0.3,capped,124485596.70781894,10562.414266117969,0.46592044778655284,0.0,0.4659204478835941,0.008552888391328627,0.7104554284751665,2.4,1894.096971547579,1.1340846485739617
F2,medium granules d_p=2 mm,2.0,0.45,36.0,2,0.6,"open, Cp=-0.6",124485596.70781894,10562.414266117969,0.44392988188605204,-28.96451694419487,29.408446826080922,0.008149208199350222,0.6761727399310845,2.4,1987.9231949542914,1.0805579932840073
F2,medium granules d_p=2 mm,2.0,0.45,36.0,2,0.6,capped,124485596.70781894,10562.414266117969,0.9109531269078603,0.0,0.9109531269199159,0.016722340608120483,1.4202281513479584,2.4,968.7639057018829,2.21732693146349
F2,medium granules d_p=2 mm,2.0,0.45,36.0,4,0.1,"open, Cp=-0.6",124485596.70781894,10562.414266117969,-0.47546033041983526,-44.54017926002923,44.0647189296094,-0.008728011745146785,-0.725350969164083,9.6,inf,1.1573054247708445
F2,medium granules d_p=2 mm,2.0,0.45,36.0,4,0.1,capped,124485596.70781894,10562.414266117969,0.616446352817309,0.0,0.6164463528173593,0.011316088143234744,0.9471176431048012,9.6,1431.590121510769,1.5004757758985297
F2,medium granules d_p=2 mm,2.0,0.45,36.0,4,0.3,"open, Cp=-0.6",124485596.70781894,10562.414266117969,0.41439055847657963,-50.25966758250484,50.67405814098153,0.007606955680756488,0.6302387706946438,9.6,2129.629865069617,1.0086571068406391
F2,medium granules d_p=2 mm,2.0,0.45,36.0,4,0.3,capped,124485596.70781894,10562.414266117969,1.7481851794859282,0.0,1.7481851794859515,0.03209138555423041,2.8380467699017804,9.6,504.80836898188875,4.255211344207347
F2,medium granules d_p=2 mm,2.0,0.45,36.0,4,0.6,"open, Cp=-0.6",124485596.70781894,10562.414266117969,1.638689652077212,-57.733496492895235,59.37218614497478,0.0300813792758508,2.6464943454640135,9.6,538.5391358369425,3.9886911746984484
F2,medium granules d_p=2 mm,2.0,0.45,36.0,4,0.6,capped,124485596.70781894,10562.414266117969,3.2585157248658745,0.0,3.258515724865846,0.05981648036390707,5.668319385016558,9.6,270.8283720714365,7.931467009578838
F2,medium granules d_p=2 mm,2.0,0.45,36.0,6,0.1,"open, Cp=-0.6",124485596.70781894,10562.414266117969,-1.023898328476692,-66.88912754658053,65.86522921810658,-0.018795672456815994,-1.605207053140474,21.599999999999998,inf,2.4922438616772586
F2,medium granules d_p=2 mm,2.0,0.45,36.0,6,0.1,capped,124485596.70781894,10562.414266117969,1.3376783320456627,0.0,1.3376783320456298,0.0245557230463655,2.1294025042709883,21.599999999999998,659.7240068806593,3.256007475761171
F2,medium granules d_p=2 mm,2.0,0.45,36.0,6,0.3,"open, Cp=-0.6",124485596.70781894,10562.414266117969,0.8931534391580422,-75.3193829599073,76.21253639906533,0.016395592247004476,1.3912551748950188,21.599999999999998,988.0704372213079,2.174001181923246
F2,medium granules d_p=2 mm,2.0,0.45,36.0,6,0.3,capped,124485596.70781894,10562.414266117969,3.608877856956997,0.0,3.6088778569570605,0.06624806804493565,6.374997851351182,21.599999999999998,244.53543292781973,8.78427421590307
F2,medium granules d_p=2 mm,2.0,0.45,36.0,6,0.6,"open, Cp=-0.6",124485596.70781894,10562.414266117969,3.348958099299692,-86.36625923622381,89.7152173355235,0.061476728455730614,5.848933849750836,21.599999999999998,263.5143477367313,8.151610402969807
F2,medium granules d_p=2 mm,2.0,0.45,36.0,6,0.6,capped,124485596.70781894,10562.414266117969,6.418215578243542,0.0,6.418215578248417,0.11781900058902733,12.723863158991838,21.599999999999998,137.49904445810358,15.622408917882078
F3,fine granules d_p=1 mm,1.0,0.45,9.0,1,0.1,"open, Cp=-0.6",497942386.83127576,21124.828532235937,-0.03126249618918159,-11.112706197341623,11.081443701152903,-0.0005738847522375767,-0.046588124981436184,0.6,inf,0.038047607883154255
F3,fine granules d_p=1 mm,1.0,0.45,9.0,1,0.1,capped,497942386.83127576,21124.828532235937,0.039738593576990264,0.0,0.03973859358265235,0.0007294802305995205,0.05923235735440975,0.6,5551.8982285119955,0.04836333020549308
F3,fine granules d_p=1 mm,1.0,0.45,9.0,1,0.3,"open, Cp=-0.6",497942386.83127576,21124.828532235937,0.027269334862478494,-12.584554523490754,12.611823858353233,0.000500582403482307,0.04063323395237196,0.6,8090.576040680076,0.03318778365628555
F3,fine granules d_p=1 mm,1.0,0.45,9.0,1,0.3,capped,497942386.83127576,21124.828532235937,0.11895870766312212,0.0,0.11895870766327955,0.002183721608813104,0.17767615210596865,0.6,1854.632011541643,0.1447771232362279
F3,fine granules d_p=1 mm,1.0,0.45,9.0,1,0.6,"open, Cp=-0.6",497942386.83127576,21124.828532235937,0.1145560580425957,-14.510023000303697,14.624579058346292,0.0021029022951097086,0.1710809883908566,0.6,1925.9097340938092,0.1394189366923564
F3,fine granules d_p=1 mm,1.0,0.45,9.0,1,0.6,capped,497942386.83127576,21124.828532235937,0.23715455703936617,0.0,0.23715455703930416,0.004353439449779004,0.35529041625530017,0.6,930.2989157700567,0.2886258198748511
F3,fine granules d_p=1 mm,1.0,0.45,9.0,2,0.1,"open, Cp=-0.6",497942386.83127576,21124.828532235937,-0.12358144457363668,-22.24101166789382,22.11743022332033,-0.0022685810586310683,-0.18460261012474843,2.4,inf,0.15040316410813714
F3,fine granules d_p=1 mm,1.0,0.45,9.0,2,0.1,capped,497942386.83127576,21124.828532235937,0.15844136106832374,0.0,0.15844136107494225,0.002908503552967878,0.2368877245015274,2.4,1392.468644525919,0.19282896483764936
F3,fine granules d_p=1 mm,1.0,0.45,9.0,2,0.3,"open, Cp=-0.6",497942386.83127576,21124.828532235937,0.10769280739085636,-25.15545364845359,25.263146455844502,0.001976913798350425,0.16080281960440293,2.4,2048.647747503911,0.13106610817792871
F3,fine granules d_p=1 mm,1.0,0.45,9.0,2,0.3,capped,497942386.83127576,21124.828532235937,0.47131518106577713,0.0,0.4713151810658778,0.00865191935650174,0.7103379320375112,2.4,468.10422440617265,0.5736079131382369
F3,fine granules d_p=1 mm,1.0,0.45,9.0,2,0.6,"open, Cp=-0.6",497942386.83127576,21124.828532235937,0.44871775723696,-28.963275862064016,29.411993619300976,0.008237099090815601,0.6758906706372425,2.4,491.6779506168338,0.5461060170706475
F3,fine granules d_p=1 mm,1.0,0.45,9.0,2,0.6,capped,497942386.83127576,21124.828532235937,0.9310904682983754,0.0,0.9310904683068824,0.01709200121054603,1.4197397143626402,2.4,236.95294366706966,1.1331713509754275
F3,fine granules d_p=1 mm,1.0,0.45,9.0,4,0.1,"open, Cp=-0.6",497942386.83127576,21124.828532235937,-0.48087750342100055,-44.541556500779976,44.06067899735898,-0.00882745463565652,-0.724926451111579,9.6,inf,0.5852456112037472
F3,fine granules d_p=1 mm,1.0,0.45,9.0,4,0.1,capped,497942386.83127576,21124.828532235937,0.6258139053091129,0.0,0.6258139053092092,0.011488048037553473,0.9469058433334192,9.6,352.54030856772937,0.7616385439261971
F3,fine granules d_p=1 mm,1.0,0.45,9.0,4,0.3,"open, Cp=-0.6",497942386.83127576,21124.828532235937,0.4184970243060115,-50.258608673065005,50.67710569737109,0.007682337957041614,0.6298838805368275,9.6,527.1832640853529,0.5093262733950241
F3,fine granules d_p=1 mm,1.0,0.45,9.0,4,0.3,capped,497942386.83127576,21124.828532235937,1.8191642842972935,0.0,1.819164284270553,0.033394346959878224,2.835989670228505,9.6,121.2780116606529,2.213989853693584
F3,fine granules d_p=1 mm,1.0,0.45,9.0,4,0.6,"open, Cp=-0.6",497942386.83127576,21124.828532235937,1.6987282235623655,-57.717780956105685,59.416509179670065,0.0311835056227987,2.6403711709298876,9.6,129.87635351167793,2.067414737423118
F3,fine granules d_p=1 mm,1.0,0.45,9.0,4,0.6,capped,497942386.83127576,21124.828532235937,3.4870460933771645,0.0,3.48704609337711,0.06401160583047964,5.659706438029751,9.6,63.269776589037846,4.243863369976551
F3,fine granules d_p=1 mm,1.0,0.45,9.0,6,0.1,"open, Cp=-0.6",497942386.83127576,21124.828532235937,-1.0479207988992392,-66.8952130253273,65.84729222643178,-0.019236652262240125,-1.6025904590195488,21.599999999999998,inf,1.2753581610324944
F3,fine granules d_p=1 mm,1.0,0.45,9.0,6,0.1,capped,497942386.83127576,21124.828532235937,1.380134124245121,0.0,1.3801341242451444,0.025335082814696083,2.1282708685128378,21.599999999999998,159.85738154566926,1.6796739987643812
F3,fine granules d_p=1 mm,1.0,0.45,9.0,6,0.3,"open, Cp=-0.6",497942386.83127576,21124.828532235937,0.911410403714677,-75.3146623595819,76.22607276329659,0.016730734825440685,1.3890417853192303,21.599999999999998,242.06946331141336,1.1092199884270066
F3,fine granules d_p=1 mm,1.0,0.45,9.0,6,0.3,capped,497942386.83127576,21124.828532235937,3.884443314834782,0.0,3.8844433148348494,0.07130661530752283,6.364047741325189,21.599999999999998,56.79697434149178,4.727510407128586
F3,fine granules d_p=1 mm,1.0,0.45,9.0,6,0.6,"open, Cp=-0.6",497942386.83127576,21124.828532235937,3.5755415555318275,-86.30647433424168,89.88201588977348,0.06563611450903978,5.815503738222477,21.599999999999998,61.70383530917588,4.351565602809267
F3,fine granules d_p=1 mm,1.0,0.45,9.0,6,0.6,capped,497942386.83127576,21124.828532235937,7.183796413009617,0.0,7.183796413032354,0.13187274617027764,12.680629578873916,21.599999999999998,30.711425352214405,8.742944497476971
F3,fine granules d_p=1 mm,1.0,0.45,18.0,1,0.1,"open, Cp=-0.6",497942386.83127576,21124.828532235937,-0.015812254433022505,-11.108752728542784,11.092940474110252,-0.00029026510431860047,-0.04710882272348036,0.6,inf,0.01924409531394036
F3,fine granules d_p=1 mm,1.0,0.45,18.0,1,0.1,capped,497942386.83127576,21124.828532235937,0.020007685845251075,0.0,0.020007688370622768,0.00036728051927352413,0.05961455865176635,0.6,22053.987551590508,0.024350089675592757
F3,fine granules d_p=1 mm,1.0,0.45,18.0,1,0.3,"open, Cp=-0.6",497942386.83127576,21124.828532235937,0.013800575598684285,-12.588010590883368,12.601811166482051,0.00025333677324613574,0.04111337333407796,0.6,31973.250058451795,0.016795808171014524
F3,fine granules d_p=1 mm,1.0,0.45,18.0,1,0.3,capped,497942386.83127576,21124.828532235937,0.05995947300588508,0.0,0.059959473007334854,0.0011006743384165713,0.1788383880950977,0.6,7359.124963022804,0.07297288431491081
F3,fine granules d_p=1 mm,1.0,0.45,18.0,1,0.6,"open, Cp=-0.6",497942386.83127576,21124.828532235937,0.058089607908621055,-14.524558571084166,14.582648178992786,0.001066349278076943,0.17325287587611163,0.6,7596.0102065315405,0.07069718970675865
F3,fine granules d_p=1 mm,1.0,0.45,18.0,1,0.6,capped,497942386.83127576,21124.828532235937,0.11972914830631828,0.0,0.11972914842533583,0.0021978645657593056,0.3576608488970126,0.6,3685.3954179845737,0.14571477784039594
F3,fine granules d_p=1 mm,1.0,0.45,18.0,2,0.1,"open, Cp=-0.6",497942386.83127576,21124.828532235937,-0.06287114638109825,-22.225500923521977,22.16262977714103,-0.001154123843645434,-0.1875369774559256,2.4,inf,0.07651649792124425
F3,fine granules d_p=1 mm,1.0,0.45,18.0,2,0.1,capped,497942386.83127576,21124.828532235937,0.07990369771184665,0.0,0.07990369772925027,0.0014667899033634325,0.23844763726131324,2.4,5522.263264443149,0.09724573944950933
F3,fine granules d_p=1 mm,1.0,0.45,18.0,2,0.3,"open, Cp=-0.6",497942386.83127576,21124.828532235937,0.05484584485682148,-25.169030194541868,25.223876039398764,0.0010068036121123809,0.16356464027470236,2.4,8045.263150184116,0.06674941074778215
F3,fine granules d_p=1 mm,1.0,0.45,18.0,2,0.3,capped,497942386.83127576,21124.828532235937,0.23870624168559193,0.0,0.23870624186421147,0.004381923680640207,0.7152585865785495,2.4,1848.503212364615,0.2905142771695165
F3,fine granules d_p=1 mm,1.0,0.45,18.0,2,0.6,"open, Cp=-0.6",497942386.83127576,21124.828532235937,0.22988807027858593,-29.01984596561768,29.249734035896278,0.004220048759249593,0.6886799946034297,2.4,1919.409102145146,0.27978223818229353
F3,fine granules d_p=1 mm,1.0,0.45,18.0,2,0.6,capped,497942386.83127576,21124.828532235937,0.474459810256817,0.0,0.4744598102568096,0.008709645225007516,1.430269363016377,2.4,930.0034376535709,0.5774350425419348
F3,fine granules d_p=1 mm,1.0,0.45,18.0,4,0.1,"open, Cp=-0.6",497942386.83127576,21124.828532235937,-0.24793846612082282,-44.48222128295227,44.23428281683146,-0.004551399361678359,-0.7430979755075697,9.6,inf,0.3017502339234271
F3,fine granules d_p=1 mm,1.0,0.45,18.0,4,0.1,capped,497942386.83127576,21124.828532235937,0.3176134244269727,0.0,0.3176134244270507,0.005830420587069993,0.9536225959071222,9.6,1389.2651274529333,0.38654722124220947
F3,fine granules d_p=1 mm,1.0,0.45,18.0,4,0.3,"open, Cp=-0.6",497942386.83127576,21124.828532235937,0.2161457805309197,-50.310711854882925,50.52685763541389,0.003967781937710706,0.6472835974649115,9.6,2041.4428330891244,0.2630573660360689
F3,fine granules d_p=1 mm,1.0,0.45,18.0,4,0.3,capped,497942386.83127576,21124.828532235937,0.9375304127449096,0.0,0.9375304127452009,0.017210219087351465,2.859583042784824,9.6,470.6506035099251,1.1410090002663955
F3,fine granules d_p=1 mm,1.0,0.45,18.0,4,0.6,"open, Cp=-0.6",497942386.83127576,21124.828532235937,0.8931669139607317,-57.92765824031375,58.82082515427552,0.016395839603573704,2.721222582904415,9.6,494.0277653261801,1.0870169902921794
F3,fine granules d_p=1 mm,1.0,0.45,18.0,4,0.6,capped,497942386.83127576,21124.828532235937,1.8325494009543375,0.0,1.8325494009548495,0.03364005716516429,5.715598652691772,9.6,240.78437085380145,2.2302800330495667
F3,fine granules d_p=1 mm,1.0,0.45,18.0,6,0.1,"open, Cp=-0.6",497942386.83127576,21124.828532235937,-0.5485108723394982,-66.76836068491896,66.21984981258322,-0.010068998462800313,-1.6566206297714148,21.599999999999998,inf,0.6675579091359323
F3,fine granules d_p=1 mm,1.0,0.45,18.0,6,0.1,capped,497942386.83127576,21124.828532235937,0.7073676686629383,0.0,0.7073676686631184,0.01298512814891541,2.1450414001714373,21.599999999999998,623.7905323003345,0.8608924739612427
F3,fine granules d_p=1 mm,1.0,0.45,18.0,6,0.3,"open, Cp=-0.6",497942386.83127576,21124.828532235937,0.47803874305921723,-75.42648988337645,75.90452862643565,0.00877534359253874,1.4411896666617625,21.599999999999998,923.0407806353071,0.581790735416933
F3,fine granules d_p=1 mm,1.0,0.45,18.0,6,0.3,capped,497942386.83127576,21124.828532235937,2.0503083215722837,0.0,2.0503083215081186,0.03763745146951283,6.429099403184402,21.599999999999998,215.21117088815592,2.495300649912453
F3,fine granules d_p=1 mm,1.0,0.45,18.0,6,0.6,"open, Cp=-0.6",497942386.83127576,21124.828532235937,1.935625852033242,-86.73663942210885,88.67226527414209,0.035532228642162864,6.0524262894681495,21.599999999999998,227.96205894016077,2.3557278657787535
F3,fine granules d_p=1 mm,1.0,0.45,18.0,6,0.6,capped,497942386.83127576,21124.828532235937,3.9164887768879706,0.0,3.9164887769054664,0.07189487294182834,12.842747356762139,21.599999999999998,112.6645012162951,4.766510913270388
F3,fine granules d_p=1 mm,1.0,0.45,36.0,1,0.1,"open, Cp=-0.6",497942386.83127576,21124.828532235937,-0.007952148468190754,-11.106739881188718,11.098787732721034,-0.00014597736296576727,-0.04737343045245364,0.6,inf,0.00967805721320004
F3,fine granules d_p=1 mm,1.0,0.45,36.0,1,0.1,capped,497942386.83127576,21124.828532235937,0.010038699374712677,0.0,0.010038699407036594,0.0001842801185350682,0.05980688619598248,0.6,87909.64608000925,0.012217466422214466
F3,fine granules d_p=1 mm,1.0,0.45,36.0,1,0.3,"open, Cp=-0.6",497942386.83127576,21124.828532235937,0.006942497073037052,-12.589769310460115,12.596711807533154,0.0001274432210582309,0.041357544163760016,0.6,127115.43121307295,0.008449274324302602
F3,fine granules d_p=1 mm,1.0,0.45,36.0,1,0.3,capped,497942386.83127576,21124.828532235937,0.030100269941486228,0.0,0.030100269941244658,0.0005525497981070275,0.17941921060366164,0.6,29318.624412676196,0.03663313578610127
F3,fine granules d_p=1 mm,1.0,0.45,36.0,1,0.6,"open, Cp=-0.6",497942386.83127576,21124.828532235937,0.029251583772701824,-14.53196591879526,14.561217502567963,0.0005369704902759132,0.17435661476446712,0.6,30169.255654395278,0.03560025349895557
F3,fine granules d_p=1 mm,1.0,0.45,36.0,1,0.6,capped,497942386.83127576,21124.828532235937,0.06015326567435344,0.0,0.06015326907586296,0.0011042317849127314,0.35883460175831,0.6,14670.832900612711,0.07320873712128606
F3,fine granules d_p=1 mm,1.0,0.45,36.0,2,0.1,"open, Cp=-0.6",497942386.83127576,21124.828532235937,-0.03171271847225485,-22.217528040170617,22.18581532169853,-0.0005821494698663226,-0.1890384236756224,2.4,inf,0.0385955449635131
F3,fine granules d_p=1 mm,1.0,0.45,36.0,2,0.1,capped,497942386.83127576,21124.828532235937,0.040123209552248996,0.0,0.04012320955584328,0.0007365406151040807,0.23922495951685283,2.4,21994.71375751733,0.048831421995850645
F3,fine granules d_p=1 mm,1.0,0.45,36.0,2,0.3,"open, Cp=-0.6",497942386.83127576,21124.828532235937,0.02767952702830773,-25.176001078589476,25.20368060561787,0.0005081122893887998,0.16497954274580512,2.4,31882.71635682483,0.033687002611412144
F3,fine granules d_p=1 mm,1.0,0.45,36.0,2,0.3,capped,497942386.83127576,21124.828532235937,0.120118174634143,0.0,0.12011817463416267,0.0022050059109803197,0.7176531204334472,2.4,7346.919080501544,0.1461882371920654
F3,fine granules d_p=1 mm,1.0,0.45,36.0,2,0.6,"open, Cp=-0.6",497942386.83127576,21124.828532235937,0.11637659004412051,-29.04906640710007,29.165442997144204,0.0021363217492157823,0.6952318495489327,2.4,7583.127403887931,0.14163459110822865
F3,fine granules d_p=1 mm,1.0,0.45,36.0,2,0.6,capped,497942386.83127576,21124.828532235937,0.2394899284867217,0.0,0.23948992848668832,0.004396309796930366,1.4352425050274664,2.4,3684.9086502755836,0.2914680528351624
F3,fine granules d_p=1 mm,1.0,0.45,36.0,4,0.1,"open, Cp=-0.6",497942386.83127576,21124.828532235937,-0.12593988829079447,-44.45105238169597,44.325112493405186,-0.0023118749427821273,-0.7525480282519132,9.6,inf,0.1532734768695333
F3,fine granules d_p=1 mm,1.0,0.45,36.0,4,0.1,capped,497942386.83127576,21124.828532235937,0.15999100743089467,0.0,0.15999100669983446,0.0029369503671140764,0.9568566052725813,9.6,5515.925696735059,0.19471494146612664
F3,fine granules d_p=1 mm,1.0,0.45,36.0,4,0.3,"open, Cp=-0.6",497942386.83127576,21124.828532235937,0.10988626264000091,-50.338010441546295,50.44789670418631,0.0020171789938927807,0.6563490768432975,9.6,8031.0175988582005,0.13373562390449376
F3,fine granules d_p=1 mm,1.0,0.45,36.0,4,0.3,capped,497942386.83127576,21124.828532235937,0.4760487256913092,0.0,0.47604872590533687,0.00873881290038865,2.870234671694491,9.6,1853.7987006541268,0.5793688110754905
F3,fine granules d_p=1 mm,1.0,0.45,36.0,4,0.6,"open, Cp=-0.6",497942386.83127576,21124.828532235937,0.458578148168856,-58.040000765102235,58.4985789132718,0.008418106006343832,2.7636676520584404,9.6,1924.4233783456496,0.5581064755587071
F3,fine granules d_p=1 mm,1.0,0.45,36.0,4,0.6,capped,497942386.83127576,21124.828532235937,0.9407870912174986,0.0,0.9407870912188604,0.017270001841327647,5.73950372749304,9.6,938.042748856743,1.1449724977675788
F3,fine granules d_p=1 mm,1.0,0.45,36.0,6,0.1,"open, Cp=-0.6",497942386.83127576,21124.828532235937,-0.2809093474295933,-66.7000951147101,66.419185767284,-0.005156644890904079,-1.6852545502346898,21.599999999999998,inf,0.3418770093417069
F3,fine granules d_p=1 mm,1.0,0.45,36.0,6,0.1,capped,497942386.83127576,21124.828532235937,0.3581290042882526,0.0,0.3581290042883272,0.006574163932762858,2.1527693176150584,21.599999999999998,2464.191669950005,0.43585617233786905
F3,fine granules d_p=1 mm,1.0,0.45,36.0,6,0.3,"open, Cp=-0.6",497942386.83127576,21124.828532235937,0.24506851370310168,-75.48640985388643,75.73147836758952,0.0044987157268780295,1.4688846990318003,21.599999999999998,3601.0277118003855,0.2982573962571069
F3,fine granules d_p=1 mm,1.0,0.45,36.0,6,0.3,capped,497942386.83127576,21124.828532235937,1.0552965811785517,0.0,1.0552965809945862,0.019372049287490666,6.456677945009179,21.599999999999998,836.2563897904705,1.2843347593916465
F3,fine granules d_p=1 mm,1.0,0.45,36.0,6,0.6,"open, Cp=-0.6",497942386.83127576,21124.828532235937,1.0113255723113663,-86.97650223299621,87.98782780530759,0.018564874729941633,6.1808101086162255,21.599999999999998,872.6156376305875,1.2308204240845282
F3,fine granules d_p=1 mm,1.0,0.45,36.0,6,0.6,capped,497942386.83127576,21124.828532235937,2.0579992611757456,0.0,2.0579992611758486,0.037778633828787586,12.908865108778384,21.599999999999998,428.8138124162522,2.504660806328459
F4,"very fine d_p=0.5 mm, ε=0.40",0.5,0.4,9.0,1,0.1,"open, Cp=-0.6",3374999999.999999,65624.99999999999,-0.0047045205949650315,-11.105907906070751,11.101203385476305,-8.636075058434937e-05,-0.04748270415416166,0.6,inf,0.002862787312188377
F4,"very fine d_p=0.5 mm, ε=0.40",0.5,0.4,9.0,1,0.1,capped,3374999999.999999,65624.99999999999,0.005933328757013748,0.0,0.005933328757667698,0.00010891794702053392,0.059885929790412296,0.6,33052.40411225621,0.0036105396802386938
F4,"very fine d_p=0.5 mm, ε=0.40",0.5,0.4,9.0,1,0.3,"open, Cp=-0.6",3374999999.999999,65624.99999999999,0.004107671190165788,-12.5904960792587,12.594603750448867,7.540440305779169e-05,0.041458413160015806,0.6,47742.57011544639,0.0024995934715290064
F4,"very fine d_p=0.5 mm, ε=0.40",0.5,0.4,9.0,1,0.3,capped,3374999999.999999,65624.99999999999,0.01779743487687452,0.0,0.01779743507713913,0.0003267070051915429,0.1796572527066989,0.6,11019.047473100185,0.010830066470437888
F4,"very fine d_p=0.5 mm, ε=0.40",0.5,0.4,9.0,1,0.6,"open, Cp=-0.6",3374999999.999999,65624.99999999999,0.017317590915373292,-14.535028100153115,14.552345691068487,0.00031789852325547405,0.1748124473043857,0.6,11324.36842780461,0.010538072594104112
F4,"very fine d_p=0.5 mm, ε=0.40",0.5,0.4,9.0,1,0.6,capped,3374999999.999999,65624.99999999999,0.03558721835997678,0.0,0.03558721835953918,0.0006532735539655083,0.3593128693712419,0.6,5510.708306110419,0.02165547692703343
F4,"very fine d_p=0.5 mm, ε=0.40",0.5,0.4,9.0,2,0.1,"open, Cp=-0.6",3374999999.999999,65624.99999999999,-0.01878817059062784,-22.21421843511919,22.19543026452873,-0.00034489391247430166,-0.18966051545243923,2.4,inf,0.01143294737483873
F4,"very fine d_p=0.5 mm, ε=0.40",0.5,0.4,9.0,2,0.1,capped,3374999999.999999,65624.99999999999,0.0237282126115649,0.0,0.023728223151922037,0.00043557812316793597,0.23954264235799394,2.4,8264.877891059807,0.01443905380667191
F4,"very fine d_p=0.5 mm, ε=0.40",0.5,0.4,9.0,2,0.3,"open, Cp=-0.6",3374999999.999999,65624.99999999999,0.01640178899578859,-25.178893308269252,25.195295097265134,0.00030108717349827083,0.16556608972879774,2.4,11956.67008385754,0.009980790281710636
F4,"very fine d_p=0.5 mm, ε=0.40",0.5,0.4,9.0,2,0.3,capped,3374999999.999999,65624.99999999999,0.07114391120652655,0.0,0.07114391120659523,0.001305986751950356,0.7186196138827092,2.4,2756.536384939413,0.04329237851769136
F4,"very fine d_p=0.5 mm, ε=0.40",0.5,0.4,9.0,2,0.6,"open, Cp=-0.6",3374999999.999999,65624.99999999999,0.06909870597899312,-29.061211897768203,29.130310603747212,0.0012684429778327861,0.6979442644767448,2.4,2838.1252156488927,0.04204783351931888
F4,"very fine d_p=0.5 mm, ε=0.40",0.5,0.4,9.0,2,0.6,capped,3374999999.999999,65624.99999999999,0.14216593212432857,0.0,0.14216593222578963,0.002609735967341842,1.4372137626896444,2.4,1379.4498926520894,0.08651058455276824
F4,"very fine d_p=0.5 mm, ε=0.40",0.5,0.4,9.0,4,0.1,"open, Cp=-0.6",3374999999.999999,65624.99999999999,-0.07488966560547973,-44.43799082183983,44.36310115623436,-0.001374747458778685,-0.7564887126409499,9.6,inf,0.04557173896503928
F4,"very fine d_p=0.5 mm, ε=0.40",0.5,0.4,9.0,4,0.1,capped,3374999999.999999,65624.99999999999,0.0948314231589969,0.0,0.09483142316545407,0.0017408177342783846,0.9581537445218993,9.6,2067.993638341636,0.057706665224697834
F4,"very fine d_p=0.5 mm, ε=0.40",0.5,0.4,9.0,4,0.3,"open, Cp=-0.6",3374999999.999999,65624.99999999999,0.06535821182081102,-50.34943720956149,50.41479542138232,0.0011997788330944887,0.6601335171148169,9.6,3000.5530191883972,0.03977167402523167
F4,"very fine d_p=0.5 mm, ε=0.40",0.5,0.4,9.0,4,0.3,capped,3374999999.999999,65624.99999999999,0.28384686158046835,0.0,0.28384686158009553,0.005210568754515863,2.874326859851338,9.6,690.9034636343633,0.1727260360612993
F4,"very fine d_p=0.5 mm, ε=0.40",0.5,0.4,9.0,4,0.6,"open, Cp=-0.6",3374999999.999999,65624.99999999999,0.2746976648645407,-58.087348069304454,58.36204573416958,0.00504261721095646,2.7813789532353765,9.6,713.9149868798328,0.1671585815786672
F4,"very fine d_p=0.5 mm, ε=0.40",0.5,0.4,9.0,4,0.6,capped,3374999999.999999,65624.99999999999,0.5657733493092059,0.0,0.5657733493104359,0.01038588526092476,5.748255123749609,9.6,346.624279929649,0.344283489312423
F4,"very fine d_p=0.5 mm, ε=0.40",0.5,0.4,9.0,6,0.1,"open, Cp=-0.6",3374999999.999999,65624.99999999999,-0.16784083059858554,-66.67118959244297,66.50334876184775,-0.0030810493474526324,-1.697286452175848,21.599999999999998,inf,0.10213423251224196
F4,"very fine d_p=0.5 mm, ε=0.40",0.5,0.4,9.0,6,0.1,capped,3374999999.999999,65624.99999999999,0.21306671208766656,0.0,0.21306671208739253,0.003911259565984984,2.1557828301586888,21.599999999999998,920.4196088922575,0.1296550132370713
F4,"very fine d_p=0.5 mm, ε=0.40",0.5,0.4,9.0,6,0.3,"open, Cp=-0.6",3374999999.999999,65624.99999999999,0.14644402974579596,-75.5117348287335,75.65817885847929,0.002688268883545557,1.4805376223733435,21.599999999999998,1339.1517574878749,0.08911388564239417
F4,"very fine d_p=0.5 mm, ε=0.40",0.5,0.4,9.0,6,0.3,capped,3374999999.999999,65624.99999999999,0.6359594473813776,0.0,0.6359594473852811,0.01167428946444479,6.466675845534251,21.599999999999998,308.3699449944391,0.3869930209208218
F4,"very fine d_p=0.5 mm, ε=0.40",0.5,0.4,9.0,6,0.6,"open, Cp=-0.6",3374999999.999999,65624.99999999999,0.6133330058642461,-87.07920932001949,87.69254232588374,0.011258936521880644,6.234944432060526,21.599999999999998,319.7460073607975,0.3732244150899661
F4,"very fine d_p=0.5 mm, ε=0.40",0.5,0.4,9.0,6,0.6,capped,3374999999.999999,65624.99999999999,1.262437216035384,0.0,1.26243721603572,0.02317452402251468,12.931383754528879,21.599999999999998,155.3429963222762,0.7682162659397131
F4,"very fine d_p=0.5 mm, ε=0.40",0.5,0.4,18.0,1,0.1,"open, Cp=-0.6",3374999999.999999,65624.99999999999,-0.0023562389509648785,-11.105306212087086,11.102949973136646,-4.3253411320844566e-05,-0.04756169572343519,0.6,inf,0.0014338147399174995
F4,"very fine d_p=0.5 mm, ε=0.40",0.5,0.4,18.0,1,0.1,capped,3374999999.999999,65624.99999999999,0.002969592356484424,0.0,0.0029695923564229476,5.451272231861659e-05,0.05994293279114185,0.6,132079.25955187777,0.0018070515685729258
F4,"very fine d_p=0.5 mm, ε=0.40",0.5,0.4,18.0,1,0.3,"open, Cp=-0.6",3374999999.999999,65624.99999999999,0.002057488640379615,-12.591021612001857,12.59307910064224,3.77692603773747e-05,0.0415311455233964,0.6,190631.21512204903,0.0012520196810179459
F4,"very fine d_p=0.5 mm, ε=0.40",0.5,0.4,18.0,1,0.3,capped,3374999999.999999,65624.99999999999,0.008908144478831639,0.0,0.00890814447915005,0.00016352655450782363,0.17982866380993326,0.6,44029.5462817663,0.0054207697626902866
F4,"very fine d_p=0.5 mm, ε=0.40",0.5,0.4,18.0,1,0.6,"open, Cp=-0.6",3374999999.999999,65624.99999999999,0.008676009341408476,-14.537244305713346,14.545920315054753,0.000159265256400994,0.17514207204989204,0.6,45207.59996688809,0.005279511261911404
F4,"very fine d_p=0.5 mm, ε=0.40",0.5,0.4,18.0,1,0.6,capped,3374999999.999999,65624.99999999999,0.017814391526015407,0.0,0.017814391526382495,0.0003270182779169232,0.3596569173417132,0.6,22017.117960082684,0.010840384903323421
F4,"very fine d_p=0.5 mm, ε=0.40",0.5,0.4,18.0,2,0.1,"open, Cp=-0.6",3374999999.999999,65624.99999999999,-0.0094174496042669,-22.21181796643769,22.2024005168336,-0.0001728758541912215,-0.19011114911801935,2.4,inf,0.005730691299156514
F4,"very fine d_p=0.5 mm, ε=0.40",0.5,0.4,18.0,2,0.1,capped,3374999999.999999,65624.99999999999,0.011877104290059984,0.0,0.011877104291706533,0.0002180276652111883,0.23977146115909997,2.4,33023.33212175555,0.007227436415840496
F4,"very fine d_p=0.5 mm, ε=0.40",0.5,0.4,18.0,2,0.3,"open, Cp=-0.6",3374999999.999999,65624.99999999999,0.0082227407223805,-25.18099026195125,25.189213002673725,0.0001509446172698822,0.16599107589119655,2.4,47699.61413812275,0.005003688970272338
F4,"very fine d_p=0.5 mm, ε=0.40",0.5,0.4,18.0,2,0.3,capped,3374999999.999999,65624.99999999999,0.03562119577402588,0.0,0.03562119577387432,0.0006538972763875838,0.7193121461769446,2.4,11010.903791763696,0.021676152808428193
F4,"very fine d_p=0.5 mm, ε=0.40",0.5,0.4,18.0,2,0.6,"open, Cp=-0.6",3374999999.999999,65624.99999999999,0.034660947137842346,-29.070049591117048,29.104710538254903,0.000636270019519549,0.6999135367355808,2.4,11315.950428462367,0.021091823851476763
F4,"very fine d_p=0.5 mm, ε=0.40",0.5,0.4,18.0,2,0.6,capped,3374999999.999999,65624.99999999999,0.07121212200946096,0.0,0.07121212200891512,0.0013072388957172856,1.4386183728730586,2.4,5507.792052078852,0.04333388604587687
F4,"very fine d_p=0.5 mm, ε=0.40",0.5,0.4,18.0,4,0.1,"open, Cp=-0.6",3374999999.999999,65624.99999999999,-0.03760361346891149,-44.428443855398015,44.39084024192912,-0.0006902884615564287,-0.7593616531869217,9.6,inf,0.02288249043833465
F4,"very fine d_p=0.5 mm, ε=0.40",0.5,0.4,18.0,4,0.1,capped,3374999999.999999,65624.99999999999,0.047488185868801165,0.0,0.04748818658271876,0.0008717392756039672,0.9590813139094138,9.6,8259.350245532558,0.028897434550407754
F4,"very fine d_p=0.5 mm, ε=0.40",0.5,0.4,18.0,4,0.3,"open, Cp=-0.6",3374999999.999999,65624.99999999999,0.03282830270092064,-50.35778027682305,50.39060857952397,0.0006026282177818383,0.6628923127623989,9.6,11947.664891136119,0.019976626003817843
F4,"very fine d_p=0.5 mm, ε=0.40",0.5,0.4,18.0,4,0.3,capped,3374999999.999999,65624.99999999999,0.14230336937221483,0.0,0.14230336937290264,0.002612258898987291,2.8772110155375454,9.6,2756.235227217051,0.08659421764598754
F4,"very fine d_p=0.5 mm, ε=0.40",0.5,0.4,18.0,4,0.6,"open, Cp=-0.6",3374999999.999999,65624.99999999999,0.1382157662206289,-58.12241908324637,58.260634849467515,0.0025372228843422028,2.7944294311506495,9.6,2837.748328864952,0.0841068359450454
F4,"very fine d_p=0.5 mm, ε=0.40",0.5,0.4,18.0,4,0.6,capped,3374999999.999999,65624.99999999999,0.2841257594179142,0.0,0.28412575941887136,0.005215688474175279,5.754321068177804,9.6,1380.4505456278207,0.17289575052514738
F4,"very fine d_p=0.5 mm, ε=0.40",0.5,0.4,18.0,6,0.1,"open, Cp=-0.6",3374999999.999999,65624.99999999999,-0.08444112528397435,-66.64984534828902,66.56540422300827,-0.001550083332086106,-1.7061358348495108,21.599999999999998,inf,0.05138397785920794
F4,"very fine d_p=0.5 mm, ε=0.40",0.5,0.4,18.0,6,0.1,capped,3374999999.999999,65624.99999999999,0.1067728098729672,0.0,0.10677280987394694,0.001960025430114631,2.15791776697124,21.599999999999998,3673.421726767551,0.06497321867783308
F4,"very fine d_p=0.5 mm, ε=0.40",0.5,0.4,18.0,6,0.3,"open, Cp=-0.6",3374999999.999999,65624.99999999999,0.07370902523932027,-75.53039613321904,75.60410515845831,0.0013530744771998954,1.4891044552379016,21.599999999999998,5321.21484908943,0.04485329758673687
F4,"very fine d_p=0.5 mm, ε=0.40",0.5,0.4,18.0,6,0.3,capped,3374999999.999999,65624.99999999999,0.31950677338115174,0.0,0.3195067733807802,0.005865176739902226,6.473582925120356,21.599999999999998,1227.5844905093218,0.1944257482840517
F4,"very fine d_p=0.5 mm, ε=0.40",0.5,0.4,18.0,6,0.6,"open, Cp=-0.6",3374999999.999999,65624.99999999999,0.3097790983428699,-87.15731264992661,87.46709174826947,0.005686606086253529,6.2757690824651995,21.599999999999998,1266.1330661543202,0.18850627910232692
F4,"very fine d_p=0.5 mm, ε=0.40",0.5,0.4,18.0,6,0.6,capped,3374999999.999999,65624.99999999999,0.6366090409151239,0.0,0.6366090409417031,0.01168621403444436,12.946661082331856,21.599999999999998,616.1105708639654,0.38738831053406714
F4,"very fine d_p=0.5 mm, ε=0.40",0.5,0.4,36.0,1,0.1,"open, Cp=-0.6",3374999999.999999,65624.99999999999,-0.0011791330244650474,-11.105004569740567,11.103825436716624,-2.164531135023172e-05,-0.047601950582258204,0.6,inf,0.0007175241331568526
F4,"very fine d_p=0.5 mm, ε=0.40",0.5,0.4,36.0,1,0.1,capped,3374999999.999999,65624.99999999999,0.0014855550110865865,0.0,0.0014857460054486721,2.7270291032222096e-05,0.0599725146739969,0.6,528047.1698298054,0.0009039875480294618
F4,"very fine d_p=0.5 mm, ε=0.40",0.5,0.4,36.0,1,0.3,"open, Cp=-0.6",3374999999.999999,65624.99999999999,0.0010296796816019215,-12.591285051065489,12.592314730747093,1.8901800591491895e-05,0.04156840121243737,0.6,761832.1826165994,0.0006265790251323281
F4,"very fine d_p=0.5 mm, ε=0.40",0.5,0.4,36.0,1,0.3,capped,3374999999.999999,65624.99999999999,0.004456429052302639,0.0,0.00445642905053476,8.180654120095681e-05,0.17991434143176888,0.6,176025.0438241432,0.002711819045335585
F4,"very fine d_p=0.5 mm, ε=0.40",0.5,0.4,36.0,1,0.6,"open, Cp=-0.6",3374999999.999999,65624.99999999999,0.0043423185766775655,-14.538355348222575,14.542697666799253,7.971181844959606e-05,0.17530725230157485,0.6,180650.75267484342,0.002642380722086057
F4,"very fine d_p=0.5 mm, ε=0.40",0.5,0.4,36.0,1,0.6,capped,3374999999.999999,65624.99999999999,0.008912385686207287,0.0,0.008912385684768178,0.0001636044102308354,0.35982858013546065,0.6,88017.18718757347,0.00542335061538681
F4,"very fine d_p=0.5 mm, ε=0.40",0.5,0.4,36.0,2,0.1,"open, Cp=-0.6",3374999999.999999,65624.99999999999,-0.004714586089479451,-22.210612964392165,22.20589837830287,-8.654552258050097e-05,-0.19033720323860975,2.4,inf,0.002868912350734839
F4,"very fine d_p=0.5 mm, ε=0.40",0.5,0.4,36.0,2,0.1,capped,3374999999.999999,65624.99999999999,0.005941800417470357,0.0,0.00594180042295136,0.00010907346105027617,0.23988576589443078,2.4,132021.11550638778,0.0036156948414456185
F4,"very fine d_p=0.5 mm, ε=0.40",0.5,0.4,36.0,2,0.3,"open, Cp=-0.6",3374999999.999999,65624.99999999999,0.0041168518119115574,-25.182042743525557,25.186159595337564,7.557293146972896e-05,0.16620430796400315,2.4,190544.41477856363,0.002505180048720297
F4,"very fine d_p=0.5 mm, ε=0.40",0.5,0.4,36.0,2,0.3,capped,3374999999.999999,65624.99999999999,0.017822882001201582,0.0,0.017822882010786183,0.0003271741373281203,0.7196567374387588,2.4,44013.25886452435,0.010845551513639346
F4,"very fine d_p=0.5 mm, ε=0.40",0.5,0.4,36.0,2,0.6,"open, Cp=-0.6",3374999999.999999,65624.99999999999,0.017358481603042233,-29.074486954322914,29.091845435925972,0.0003186491524445096,0.7009012126960792,2.4,45190.76824630078,0.010562955329652252
F4,"very fine d_p=0.5 mm, ε=0.40",0.5,0.4,36.0,2,0.6,capped,3374999999.999999,65624.99999999999,0.0356382089356752,0.0,0.0356382089356258,0.000654209586511472,1.4393116882612236,2.4,22011.29469347433,0.021686505630214542
F4,"very fine d_p=0.5 mm, ε=0.40",0.5,0.4,36.0,4,0.1,"open, Cp=-0.6",3374999999.999999,65624.99999999999,-0.018841745789684904,-44.42363768701824,44.404795941228556,-0.0003458773908776539,-0.7608058413313873,9.6,inf,0.011465548868872506
F4,"very fine d_p=0.5 mm, ε=0.40",0.5,0.4,36.0,4,0.1,capped,3374999999.999999,65624.99999999999,0.023762163525767054,0.0,0.023762163548029375,0.00043620135913307565,0.9595419289669462,9.6,33012.27678111583,0.0144597135624224
F4,"very fine d_p=0.5 mm, ε=0.40",0.5,0.4,36.0,4,0.3,"open, Cp=-0.6",3374999999.999999,65624.99999999999,0.016451690700056823,-50.36197893215874,50.37843062285881,0.0003020032176623999,0.664279660547147,9.6,47681.61118103489,0.010011156386598892
F4,"very fine d_p=0.5 mm, ε=0.40",0.5,0.4,36.0,4,0.3,capped,3374999999.999999,65624.99999999999,0.07124627693472978,0.0,0.07124627775511609,0.001307865876707766,2.878617895154072,9.6,11010.30331661263,0.04335466994611379
F4,"very fine d_p=0.5 mm, ε=0.40",0.5,0.4,36.0,4,0.6,"open, Cp=-0.6",3374999999.999999,65624.99999999999,0.06932645613212607,-58.1400980120487,58.20942446818132,0.001272623780907878,2.8009863300839193,9.6,11315.205810256959,0.04218642367650424
F4,"very fine d_p=0.5 mm, ε=0.40",0.5,0.4,36.0,4,0.6,capped,3374999999.999999,65624.99999999999,0.14237218950955108,0.0,0.14237218984550976,0.0026135222282884815,5.757209639876134,9.6,5509.80582607485,0.08663609596536404
F4,"very fine d_p=0.5 mm, ε=0.40",0.5,0.4,36.0,6,0.1,"open, Cp=-0.6",3374999999.999999,65624.99999999999,-0.042351937227923735,-66.6390660299702,66.59671409274543,-0.0007774533055757468,-1.7105932216449347,21.599999999999998,inf,0.025771932781516467
F4,"very fine d_p=0.5 mm, ε=0.40",0.5,0.4,36.0,6,0.1,capped,3374999999.999999,65624.99999999999,0.0534459856370765,0.0,0.05344598564764928,0.0009811064362813338,2.15896466209532,21.599999999999998,14677.306627994414,0.03252286529109393
F4,"very fine d_p=0.5 mm, ε=0.40",0.5,0.4,36.0,6,0.3,"open, Cp=-0.6",3374999999.999999,65624.99999999999,0.03697741644171751,-75.53981513052099,75.57679254696235,0.0006787933805613454,1.4934215908043098,21.599999999999998,21214.11376771464,0.022501438029657858
F4,"very fine d_p=0.5 mm, ε=0.40",0.5,0.4,36.0,6,0.3,capped,3374999999.999999,65624.99999999999,0.16013493723866148,0.0,0.1601349373334988,0.002939592482496355,6.47685371449962,21.599999999999998,4898.638190750597,0.09744505466838746
F4,"very fine d_p=0.5 mm, ε=0.40",0.5,0.4,36.0,6,0.6,"open, Cp=-0.6",3374999999.999999,65624.99999999999,0.15568006934199005,-87.19688473199737,87.35256480133934,0.002857814599384861,6.296339846560432,21.599999999999998,5038.815325213739,0.09473418561496777
F4,"very fine d_p=0.5 mm, ε=0.40",0.5,0.4,36.0,6,0.6,capped,3374999999.999999,65624.99999999999,0.31966445651454684,0.0,0.31966445651509384,0.005868071324691389,12.953579618764147,21.599999999999998,2453.9579025579274,0.1945217013709853
