case_id,group,filter,thickness_mm,U_mps,azimuth_deg,intake,skirt,stack,tube_mm,top,core,mesh,purpose,bed_z0,bore_mm,slot_r_mm,scale,tsr,cells_est,core_hours_est
A1_SEALED_t18_U4_az000_capped_holes_medium,A1,SEALED,18,4,0,,,,,capped,holes,medium,"core Cp vs rotor azimuth (4 fins -> 90 deg period), static torque",,17.0,16.0,1.0,,3500000,7.3
A1_SEALED_t18_U4_az225_capped_holes_medium,A1,SEALED,18,4,22.5,,,,,capped,holes,medium,"core Cp vs rotor azimuth (4 fins -> 90 deg period), static torque",,17.0,16.0,1.0,,3500000,7.3
A1_SEALED_t18_U4_az450_capped_holes_medium,A1,SEALED,18,4,45,,,,,capped,holes,medium,"core Cp vs rotor azimuth (4 fins -> 90 deg period), static torque",,17.0,16.0,1.0,,3500000,7.3
A1_SEALED_t18_U4_az675_capped_holes_medium,A1,SEALED,18,4,67.5,,,,,capped,holes,medium,"core Cp vs rotor azimuth (4 fins -> 90 deg period), static torque",,17.0,16.0,1.0,,3500000,7.3
A2_SEALED_t18_U2_az000_capped_holes_medium,A2,SEALED,18,2,0,,,,,capped,holes,medium,"driving pressure & bypass vs speed, top open/capped",,17.0,16.0,1.0,,3500000,7.3
A2_SEALED_t18_U4_az000_capped_holes_medium,A2,SEALED,18,4,0,,,,,capped,holes,medium,"driving pressure & bypass vs speed, top open/capped",,17.0,16.0,1.0,,3500000,7.3
A2_SEALED_t18_U6_az000_capped_holes_medium,A2,SEALED,18,6,0,,,,,capped,holes,medium,"driving pressure & bypass vs speed, top open/capped",,17.0,16.0,1.0,,3500000,7.3
A2_SEALED_t18_U2_az000_open_holes_medium,A2,SEALED,18,2,0,,,,,open,holes,medium,"driving pressure & bypass vs speed, top open/capped",,17.0,16.0,1.0,,3500000,7.3
A2_SEALED_t18_U4_az000_open_holes_medium,A2,SEALED,18,4,0,,,,,open,holes,medium,"driving pressure & bypass vs speed, top open/capped",,17.0,16.0,1.0,,3500000,7.3
A2_SEALED_t18_U6_az000_open_holes_medium,A2,SEALED,18,6,0,,,,,open,holes,medium,"driving pressure & bypass vs speed, top open/capped",,17.0,16.0,1.0,,3500000,7.3
A2_F0_t18_U2_az000_capped_holes_medium,A2,F0,18,2,0,,,,,capped,holes,medium,"driving pressure & bypass vs speed, top open/capped",,17.0,16.0,1.0,,3500000,7.3
A2_F0_t18_U4_az000_capped_holes_medium,A2,F0,18,4,0,,,,,capped,holes,medium,"driving pressure & bypass vs speed, top open/capped",,17.0,16.0,1.0,,3500000,7.3
A2_F0_t18_U6_az000_capped_holes_medium,A2,F0,18,6,0,,,,,capped,holes,medium,"driving pressure & bypass vs speed, top open/capped",,17.0,16.0,1.0,,3500000,7.3
A2_F0_t18_U2_az000_open_holes_medium,A2,F0,18,2,0,,,,,open,holes,medium,"driving pressure & bypass vs speed, top open/capped",,17.0,16.0,1.0,,3500000,7.3
A2_F0_t18_U4_az000_open_holes_medium,A2,F0,18,4,0,,,,,open,holes,medium,"driving pressure & bypass vs speed, top open/capped",,17.0,16.0,1.0,,3500000,7.3
A2_F0_t18_U6_az000_open_holes_medium,A2,F0,18,6,0,,,,,open,holes,medium,"driving pressure & bypass vs speed, top open/capped",,17.0,16.0,1.0,,3500000,7.3
B1_F1_t09_U4_az000_capped_holes_medium,B1,F1,9,4,0,,,,,capped,holes,medium,filter resistance x thickness sensitivity,,17.0,16.0,1.0,,3500000,7.3
B1_F1_t18_U4_az000_capped_holes_medium,B1,F1,18,4,0,,,,,capped,holes,medium,filter resistance x thickness sensitivity,,17.0,16.0,1.0,,3500000,7.3
B1_F1_t36_U4_az000_capped_holes_medium,B1,F1,36,4,0,,,,,capped,holes,medium,filter resistance x thickness sensitivity,,17.0,16.0,1.0,,3500000,7.3
B2_F1_t18_U4_az000_open_holes_medium,B2,F1,18,4,0,,,,,open,holes,medium,filter bypass through open tube top,,17.0,16.0,1.0,,3500000,7.3
B1_F2_t09_U4_az000_capped_holes_medium,B1,F2,9,4,0,,,,,capped,holes,medium,filter resistance x thickness sensitivity,,17.0,16.0,1.0,,3500000,7.3
B1_F2_t18_U4_az000_capped_holes_medium,B1,F2,18,4,0,,,,,capped,holes,medium,filter resistance x thickness sensitivity,,17.0,16.0,1.0,,3500000,7.3
B1_F2_t36_U4_az000_capped_holes_medium,B1,F2,36,4,0,,,,,capped,holes,medium,filter resistance x thickness sensitivity,,17.0,16.0,1.0,,3500000,7.3
B2_F2_t18_U4_az000_open_holes_medium,B2,F2,18,4,0,,,,,open,holes,medium,filter bypass through open tube top,,17.0,16.0,1.0,,3500000,7.3
B1_F3_t09_U4_az000_capped_holes_medium,B1,F3,9,4,0,,,,,capped,holes,medium,filter resistance x thickness sensitivity,,17.0,16.0,1.0,,3500000,7.3
B1_F3_t18_U4_az000_capped_holes_medium,B1,F3,18,4,0,,,,,capped,holes,medium,filter resistance x thickness sensitivity,,17.0,16.0,1.0,,3500000,7.3
B1_F3_t36_U4_az000_capped_holes_medium,B1,F3,36,4,0,,,,,capped,holes,medium,filter resistance x thickness sensitivity,,17.0,16.0,1.0,,3500000,7.3
B2_F3_t18_U4_az000_open_holes_medium,B2,F3,18,4,0,,,,,open,holes,medium,filter bypass through open tube top,,17.0,16.0,1.0,,3500000,7.3
B1_F4_t09_U4_az000_capped_holes_medium,B1,F4,9,4,0,,,,,capped,holes,medium,filter resistance x thickness sensitivity,,17.0,16.0,1.0,,3500000,7.3
B1_F4_t18_U4_az000_capped_holes_medium,B1,F4,18,4,0,,,,,capped,holes,medium,filter resistance x thickness sensitivity,,17.0,16.0,1.0,,3500000,7.3
B1_F4_t36_U4_az000_capped_holes_medium,B1,F4,36,4,0,,,,,capped,holes,medium,filter resistance x thickness sensitivity,,17.0,16.0,1.0,,3500000,7.3
B2_F4_t18_U4_az000_open_holes_medium,B2,F4,18,4,0,,,,,open,holes,medium,filter bypass through open tube top,,17.0,16.0,1.0,,3500000,7.3
BP_F1_t09_U4_az000_capped_holes_medium,BP,F1,9,4,0,,,,,capped,holes,medium,bed thickness at constant inlet plenum (control for the group-B Cp anomaly),0.009,17.0,16.0,1.0,,3500000,7.3
BP_F1_t18_U4_az000_capped_holes_medium,BP,F1,18,4,0,,,,,capped,holes,medium,bed thickness at constant inlet plenum (control for the group-B Cp anomaly),0.009,17.0,16.0,1.0,,3500000,7.3
BP_F1_t36_U4_az000_capped_holes_medium,BP,F1,36,4,0,,,,,capped,holes,medium,bed thickness at constant inlet plenum (control for the group-B Cp anomaly),0.009,17.0,16.0,1.0,,3500000,7.3
BP_F2_t09_U4_az000_capped_holes_medium,BP,F2,9,4,0,,,,,capped,holes,medium,bed thickness at constant inlet plenum (control for the group-B Cp anomaly),0.009,17.0,16.0,1.0,,3500000,7.3
BP_F2_t18_U4_az000_capped_holes_medium,BP,F2,18,4,0,,,,,capped,holes,medium,bed thickness at constant inlet plenum (control for the group-B Cp anomaly),0.009,17.0,16.0,1.0,,3500000,7.3
BP_F2_t36_U4_az000_capped_holes_medium,BP,F2,36,4,0,,,,,capped,holes,medium,bed thickness at constant inlet plenum (control for the group-B Cp anomaly),0.009,17.0,16.0,1.0,,3500000,7.3
BP_F3_t09_U4_az000_capped_holes_medium,BP,F3,9,4,0,,,,,capped,holes,medium,bed thickness at constant inlet plenum (control for the group-B Cp anomaly),0.009,17.0,16.0,1.0,,3500000,7.3
BP_F3_t18_U4_az000_capped_holes_medium,BP,F3,18,4,0,,,,,capped,holes,medium,bed thickness at constant inlet plenum (control for the group-B Cp anomaly),0.009,17.0,16.0,1.0,,3500000,7.3
BP_F3_t36_U4_az000_capped_holes_medium,BP,F3,36,4,0,,,,,capped,holes,medium,bed thickness at constant inlet plenum (control for the group-B Cp anomaly),0.009,17.0,16.0,1.0,,3500000,7.3
D1_SEALED_t18_U4_az000_capped_holes_medium,D1,SEALED,18,4,0,,,,,capped,holes,medium,external Cp rake: how high can the intake sit?,,17.0,16.0,1.0,,3500000,7.3
D2_F2_t18_U4_az000_capped_holes_medium,D2,F2,18,4,0,,,,,capped,holes,medium,"bed area sweep: bore r=17 mm, slots widened to r=16 mm",,17.0,16.0,1.0,,3500000,7.3
D2_F2_t18_U4_az000_capped_holes_medium_b24s23,D2,F2,18,4,0,,,,,capped,holes,medium,"bed area sweep: bore r=24 mm, slots widened to r=23 mm",,24.0,23.0,1.0,,3500000,7.3
D2_F2_t18_U4_az000_capped_holes_medium_b34s33,D2,F2,18,4,0,,,,,capped,holes,medium,"bed area sweep: bore r=34 mm, slots widened to r=33 mm",,34.0,33.0,1.0,,3500000,7.3
D3_F2_t18_U4_az000_capped_holes_medium_b34s16,D3,F2,18,4,0,,,,,capped,holes,medium,bore r=34 mm with the as-drawn slots: isolates the slot throttle,,34.0,16.0,1.0,,3500000,7.3
RS_SEALED_t18_U4_az000_open_solid_medium,RS,SEALED,18,4,0,,,,,open,solid,medium,"sealed core, open top: how much head does breaking the hole-band tie actually give?",,17.0,16.0,1.0,,3500000,7.3
RS_SEALED_t18_U4_az000_open_solid_medium_b34s16,RS,SEALED,18,4,0,,,,,open,solid,medium,"sealed core, open top: how much head does breaking the hole-band tie actually give?",,34.0,16.0,1.0,,3500000,7.3
R3_F1_t18_U4_az000_open_solid_medium,R3,F1,18,4,0,,,,,open,solid,medium,"sealed core, open top, bore r=17 mm: head gain x area gain",,17.0,16.0,1.0,,3500000,7.3
R3_F2_t18_U4_az000_open_solid_medium,R3,F2,18,4,0,,,,,open,solid,medium,"sealed core, open top, bore r=17 mm: head gain x area gain",,17.0,16.0,1.0,,3500000,7.3
R3_F3_t18_U4_az000_open_solid_medium,R3,F3,18,4,0,,,,,open,solid,medium,"sealed core, open top, bore r=17 mm: head gain x area gain",,17.0,16.0,1.0,,3500000,7.3
R4_F1_t18_U4_az000_open_solid_medium_b34s16,R4,F1,18,4,0,,,,,open,solid,medium,"sealed core, open top, bore r=34 mm: head gain x area gain",,34.0,16.0,1.0,,3500000,7.3
R4_F2_t18_U4_az000_open_solid_medium_b34s16,R4,F2,18,4,0,,,,,open,solid,medium,"sealed core, open top, bore r=34 mm: head gain x area gain",,34.0,16.0,1.0,,3500000,7.3
R4_F3_t18_U4_az000_open_solid_medium_b34s16,R4,F3,18,4,0,,,,,open,solid,medium,"sealed core, open top, bore r=34 mm: head gain x area gain",,34.0,16.0,1.0,,3500000,7.3
S2_F2_t18_U4_az000_open_solid_medium_b34s16_tsrp000,S2,F2,18,4,0,,,,,open,solid,medium,"rotating rotor (MRF), tip speed ratio +0.0: torque, freewheel speed, flow",,34.0,16.0,1.0,0.0,3500000,7.3
S2_F2_t18_U4_az000_open_solid_medium_b34s16_tsrp020,S2,F2,18,4,0,,,,,open,solid,medium,"rotating rotor (MRF), tip speed ratio +0.2: torque, freewheel speed, flow",,34.0,16.0,1.0,0.2,3500000,7.3
S2_F2_t18_U4_az000_open_solid_medium_b34s16_tsrp040,S2,F2,18,4,0,,,,,open,solid,medium,"rotating rotor (MRF), tip speed ratio +0.4: torque, freewheel speed, flow",,34.0,16.0,1.0,0.4,3500000,7.3
S2_F2_t18_U4_az000_open_solid_medium_b34s16_tsrp060,S2,F2,18,4,0,,,,,open,solid,medium,"rotating rotor (MRF), tip speed ratio +0.6: torque, freewheel speed, flow",,34.0,16.0,1.0,0.6,3500000,7.3
S2_F2_t18_U4_az000_open_solid_medium_b34s16_tsrm020,S2,F2,18,4,0,,,,,open,solid,medium,"rotating rotor (MRF), tip speed ratio -0.2: torque, freewheel speed, flow",,34.0,16.0,1.0,-0.2,3500000,7.3
S2_F2_t18_U4_az000_open_solid_medium_b34s16_tsrm040,S2,F2,18,4,0,,,,,open,solid,medium,"rotating rotor (MRF), tip speed ratio -0.4: torque, freewheel speed, flow",,34.0,16.0,1.0,-0.4,3500000,7.3
S2_F2_t18_U4_az000_open_solid_medium_b34s16_tsrm060,S2,F2,18,4,0,,,,,open,solid,medium,"rotating rotor (MRF), tip speed ratio -0.6: torque, freewheel speed, flow",,34.0,16.0,1.0,-0.6,3500000,7.3
S2_F2_t18_U4_az000_open_solid_medium_b34s16_tsrm080,S2,F2,18,4,0,,,,,open,solid,medium,"rotating rotor (MRF), tip speed ratio -0.8: torque, freewheel speed, flow",,34.0,16.0,1.0,-0.8,3500000,7.3
S2_F2_t18_U4_az000_open_solid_medium_b34s16_tsrm100,S2,F2,18,4,0,,,,,open,solid,medium,"rotating rotor (MRF), tip speed ratio -1.0: torque, freewheel speed, flow",,34.0,16.0,1.0,-1.0,3500000,7.3
S2_F2_t18_U4_az000_open_solid_medium_b34s16_tsrm120,S2,F2,18,4,0,,,,,open,solid,medium,"rotating rotor (MRF), tip speed ratio -1.2: torque, freewheel speed, flow",,34.0,16.0,1.0,-1.2,3500000,7.3
FS_SEALED_t18_U4_az000_open_solid_medium_b34s16_x12,FS,SEALED,18,4,0,,,,,open,solid,medium,full scale: is the available head really unchanged by size?,,34.0,16.0,12.0,,3500000,7.3
FS_F1_t18_U4_az000_open_solid_medium_b34s16_x12,FS,F1,18,4,0,,,,,open,solid,medium,full scale sealed core: flow and residence time at 1:1,,34.0,16.0,12.0,,3500000,7.3
FS_F2_t18_U4_az000_open_solid_medium_b34s16_x12,FS,F2,18,4,0,,,,,open,solid,medium,full scale sealed core: flow and residence time at 1:1,,34.0,16.0,12.0,,3500000,7.3
FS_F3_t18_U4_az000_open_solid_medium_b34s16_x12,FS,F3,18,4,0,,,,,open,solid,medium,full scale sealed core: flow and residence time at 1:1,,34.0,16.0,12.0,,3500000,7.3
C1_F2_t18_U2_az000_capped_holes_medium,C1,F2,18,2,0,,,,,capped,holes,medium,Reynolds/speed scaling of filter flow,,17.0,16.0,1.0,,3500000,7.3
C1_F2_t18_U2_az000_open_holes_medium,C1,F2,18,2,0,,,,,open,holes,medium,Reynolds/speed scaling of filter flow,,17.0,16.0,1.0,,3500000,7.3
C1_F2_t18_U6_az000_capped_holes_medium,C1,F2,18,6,0,,,,,capped,holes,medium,Reynolds/speed scaling of filter flow,,17.0,16.0,1.0,,3500000,7.3
C1_F2_t18_U6_az000_open_holes_medium,C1,F2,18,6,0,,,,,open,holes,medium,Reynolds/speed scaling of filter flow,,17.0,16.0,1.0,,3500000,7.3
R1_F1_t18_U4_az000_open_solid_medium,R1,F1,18,4,0,,,,,open,solid,medium,"reversed layout: deck-level intake, top exhaust",,17.0,16.0,1.0,,3500000,7.3
R1_F2_t18_U4_az000_open_solid_medium,R1,F2,18,4,0,,,,,open,solid,medium,"reversed layout: deck-level intake, top exhaust",,17.0,16.0,1.0,,3500000,7.3
R1_F3_t18_U4_az000_open_solid_medium,R1,F3,18,4,0,,,,,open,solid,medium,"reversed layout: deck-level intake, top exhaust",,17.0,16.0,1.0,,3500000,7.3
R1_F4_t18_U4_az000_open_solid_medium,R1,F4,18,4,0,,,,,open,solid,medium,"reversed layout: deck-level intake, top exhaust",,17.0,16.0,1.0,,3500000,7.3
R2_F2_t18_U2_az000_open_solid_medium,R2,F2,18,2,0,,,,,open,solid,medium,"reversed layout, speed scaling",,17.0,16.0,1.0,,3500000,7.3
R2_F2_t18_U6_az000_open_solid_medium,R2,F2,18,6,0,,,,,open,solid,medium,"reversed layout, speed scaling",,17.0,16.0,1.0,,3500000,7.3
J1_SEALED_t18_U4_az000_open_solid_medium_b34s16_x12_r100,J1,SEALED,18,4,0,,r100,"(25.0, 25.0, 25.0)",,open,solid,medium,sealed cassette: what head does the skirt actually deliver?,0.027,34.0,16.0,12.0,,3500000,7.3
J1_CEM_t18_U4_az000_open_solid_medium_b34s16_x12_r100,J1,CEM,18,4,0,,r100,"(25.0, 25.0, 25.0)",,open,solid,medium,"the sketch as drawn: skirt base r1200 mm, three-grade foam cassette",0.027,34.0,16.0,12.0,,3500000,7.3
J1_CEM_t18_U4_az000_open_solid_medium_b34s16_x12_r140,J1,CEM,18,4,0,,r140,"(25.0, 25.0, 25.0)",,open,solid,medium,"skirt base r1680 mm: does a wider cone buy anything, or is the slot the limit?",0.027,34.0,16.0,12.0,,3500000,7.3
J1_F2_t18_U4_az000_open_solid_medium_b34s16_x12_r100,J1,F2,18,4,0,,r100,"(25.0, 25.0, 25.0)",,open,solid,medium,"same skirt, old packed biochar: isolates the media change from the intake change",0.027,34.0,16.0,12.0,,3500000,7.3
J1_F2_t18_U4_az000_open_solid_medium_b34s16,J1,F2,18,4,0,,,,,open,solid,medium,validation: patch integral vs cell-average probe on the reference case,,34.0,16.0,1.0,,3500000,7.3
I1_F2_t18_U4_az000_open_solid_medium_b34s16_slot14_h6,I1,F2,18,4,0,slot14_h6,,,,open,solid,medium,annular wall intake 29 mm above the deck - the buildable baseline,,34.0,16.0,1.0,,3500000,7.3
I1_F2_t18_U4_az000_open_solid_medium_b34s16_slot20_h6,I1,F2,18,4,0,slot20_h6,,,,open,solid,medium,"same, 35 mm above the deck: how fast does the stagnation region fade?",,34.0,16.0,1.0,,3500000,7.3
I1_F2_t18_U4_az000_open_solid_medium_b34s16_slot14_h12,I1,F2,18,4,0,slot14_h12,,,,open,solid,medium,slot height doubled: is 1357 mm2 already enough open area?,,34.0,16.0,1.0,,3500000,7.3
I1_F2_t18_U4_az000_open_solid_medium_b34s16_shroud70,I1,F2,18,4,0,shroud70,,,,open,solid,medium,"intake mouth 85 mm above the deck, below the rotor",,34.0,16.0,1.0,,3500000,7.3
I1_F2_t18_U4_az000_open_solid_medium_b34s16_shroud100,I1,F2,18,4,0,shroud100,,,,open,solid,medium,"intake mouth 115 mm above the deck - the user's requirement, measured",,34.0,16.0,1.0,,3500000,7.3
I1_F2_t18_U4_az000_open_solid_medium_b34s16_shroud100_wide,I1,F2,18,4,0,shroud100_wide,,,,open,solid,medium,"same mouth, sleeve annulus 3318 mm2: duct loss or pressure loss?",,34.0,16.0,1.0,,3500000,7.3
M1_F2_t18_U4_az000_capped_holes_coarse,M1,F2,18,4,0,,,,,capped,holes,coarse,grid convergence (GCI) on baseline,,17.0,16.0,1.0,,600000,1.2
M1_F2_t18_U4_az000_capped_holes_fine,M1,F2,18,4,0,,,,,capped,holes,fine,grid convergence (GCI) on baseline,,17.0,16.0,1.0,,22000000,45.8
